student_id,course_id,semester,grade
23000001,2,1,B
23000001,6,1,D
23000001,31,1,A
23000001,21,1,A
23000001,12,2,C
23000001,16,2,B
23000001,15,2,C
23000001,49,3,C
23000001,30,3,B
23000001,11,3,C
23000001,17,3,B
23000001,36,4,C
23000001,19,4,A
23000001,40,4,F
23000001,8,4,B
22000001,6,1,C
22000001,34,1,C
22000001,12,2,B
22000001,48,2,A
22000001,5,2,A
22000001,20,2,B
22000001,21,3,B
22000001,15,3,A
22000001,49,3,B
22000001,14,3,A
22000001,24,4,C
22000001,40,4,C
22000001,17,4,D
22000001,32,4,F
22000001,30,5,A
22000001,36,5,B
22000001,9,5,B
22000001,38,5,A
22000001,22,6,B
22000001,26,6,A
22000001,31,6,A
22000001,7,6,A
23000002,16,1,B
23000002,22,1,B
23000002,20,1,C
23000002,12,2,A
23000002,11,2,D
23000002,10,2,A
23000002,30,3,B
23000002,33,3,B
23000002,32,3,A
23000002,25,4,C
23000002,2,4,B
23000002,19,4,B
24000001,42,1,B
24000001,49,1,B
24000001,18,1,A
24000001,39,1,F
24000001,32,1,B
24000001,36,2,F
24000001,50,2,A
24000001,35,2,B
21000001,11,1,A
21000001,50,1,B
21000001,47,1,D
21000001,49,1,C
21000001,23,2,B
21000001,30,2,B
21000001,17,2,D
21000001,29,2,B
21000001,6,3,D
21000001,28,3,C
21000001,40,3,C
21000001,4,3,B
21000001,35,4,B
21000001,31,4,B
21000001,8,4,A
21000001,39,4,B
21000001,20,5,A
21000001,32,5,B
21000001,10,5,C
21000001,44,5,A
21000001,24,6,F
21000001,22,6,C
21000001,26,6,A
21000001,45,7,F
21000001,48,7,B
21000001,37,7,C
21000001,15,7,A
21000001,43,8,F
21000001,41,8,C
21000002,43,1,A
21000002,9,1,B
21000002,22,1,B
21000002,34,2,A
21000002,12,2,A
21000002,27,2,B
21000002,4,3,B
21000002,46,3,B
21000002,33,3,B
21000002,2,4,B
21000002,42,4,B
21000002,37,4,B
21000002,45,5,A
21000002,13,5,F
21000002,48,5,C
21000002,10,6,A
21000002,39,6,A
21000002,18,6,C
21000002,41,7,B
21000002,20,7,C
21000002,24,7,A
21000002,21,8,C
21000002,7,8,A
21000002,50,8,B
24000002,45,1,F
24000002,11,1,C
24000002,39,1,C
24000002,46,1,C
24000002,41,2,C
24000002,1,2,A
24000002,5,2,B
24000002,10,2,F
21000003,31,1,C
21000003,30,1,C
21000003,11,1,B
21000003,7,1,C
21000003,15,2,C
21000003,49,2,A
21000003,17,2,C
21000003,47,2,C
21000003,5,3,D
21000003,6,3,A
21000003,33,3,C
21000003,21,3,A
21000003,41,4,F
21000003,37,4,A
21000003,9,4,A
21000003,13,4,A
21000003,10,5,A
21000003,44,5,C
21000003,46,5,B
21000003,40,5,C
21000003,12,6,F
21000003,38,6,D
21000003,25,6,C
21000003,36,6,A
21000003,28,7,A
21000003,16,8,A
21000003,26,8,A
21000003,18,8,B
21000003,35,8,B
24000003,24,1,B
24000003,13,1,A
24000003,37,1,D
24000003,35,1,B
24000003,28,1,B
24000003,39,2,C
24000003,27,2,C
24000003,45,2,C
24000003,19,2,C
24000003,16,2,C
21000004,18,1,A
21000004,41,1,A
21000004,15,1,B
21000004,16,2,A
21000004,17,2,F
21000004,46,2,B
21000004,2,2,B
21000004,38,3,A
21000004,34,3,C
21000004,6,3,A
21000004,7,3,B
21000004,50,4,F
21000004,23,4,C
21000004,29,4,A
21000004,9,4,A
21000004,40,5,C
21000004,4,5,B
21000004,11,5,F
21000004,26,5,C
21000004,39,6,F
21000004,1,6,C
21000004,20,6,A
21000004,13,6,A
21000004,5,7,C
21000004,22,7,A
21000004,24,7,B
21000004,45,7,A
21000004,37,8,B
21000004,14,8,A
21000005,9,1,B
21000005,3,1,F
21000005,18,1,C
21000005,22,1,A
21000005,44,2,C
21000005,28,2,C
21000005,38,2,A
21000005,2,2,C
21000005,46,3,B
21000005,8,3,C
21000005,20,3,A
21000005,32,3,B
21000005,24,4,C
21000005,13,4,A
21000005,10,4,C
21000005,21,4,A
21000005,27,5,B
21000005,6,5,F
21000005,36,5,B
21000005,16,5,F
21000005,34,6,D
21000005,37,6,B
21000005,45,6,A
21000005,1,6,F
21000005,41,7,A
21000005,31,7,B
21000005,15,7,D
21000005,14,7,A
21000005,12,8,B
21000005,11,8,B
21000005,47,8,C
21000005,26,8,F
23000003,22,1,D
23000003,13,1,A
23000003,14,1,D
23000003,35,2,A
23000003,47,2,D
23000003,43,2,F
23000003,19,3,B
23000003,2,3,B
23000003,5,3,F
23000003,27,4,F
23000003,25,4,F
23000003,18,4,D
21000006,6,1,A
21000006,41,1,B
21000006,14,1,A
21000006,42,1,F
21000006,39,2,B
21000006,26,2,F
21000006,5,2,B
21000006,46,2,B
21000006,18,3,F
21000006,17,3,D
21000006,21,3,B
21000006,28,4,A
21000006,30,4,A
21000006,45,4,A
21000006,15,4,B
21000006,4,5,A
21000006,12,5,A
21000006,40,5,C
21000006,11,5,C
21000006,47,6,B
21000006,49,6,C
21000006,36,6,A
21000006,22,6,D
21000006,38,7,D
21000006,24,7,C
21000006,37,7,B
21000006,19,8,A
21000006,27,8,B
21000006,9,8,A
24000004,16,1,A
24000004,35,1,B
24000004,4,1,A
24000004,32,1,A
24000004,43,2,A
24000004,6,2,C
24000004,23,2,F
24000004,31,2,B
21000007,37,1,C
21000007,4,1,A
21000007,44,1,C
21000007,17,1,C
21000007,24,2,A
21000007,12,2,A
21000007,19,2,B
21000007,39,2,B
21000007,40,3,B
21000007,26,3,D
21000007,32,3,C
21000007,42,3,A
21000007,3,4,A
21000007,38,4,D
21000007,48,4,A
21000007,15,4,B
21000007,30,5,A
21000007,28,5,A
21000007,47,5,A
21000007,43,5,C
21000007,20,6,B
21000007,14,6,B
21000007,41,6,B
21000007,9,7,B
21000007,29,7,B
21000007,21,7,B
21000007,34,7,A
21000007,50,8,A
21000007,45,8,C
21000007,27,8,D
21000007,36,8,A
22000002,46,1,B
22000002,15,1,C
22000002,45,1,A
22000002,10,2,B
22000002,13,2,A
22000002,22,2,B
22000002,17,3,B
22000002,26,3,B
22000002,30,3,A
22000002,14,4,B
22000002,29,4,B
22000002,25,4,A
22000002,42,5,A
22000002,11,5,B
22000002,50,5,A
22000002,38,6,B
22000002,1,6,C
22000002,5,6,B
23000004,44,1,B
23000004,48,1,B
23000004,19,1,A
23000004,35,1,B
23000004,29,2,C
23000004,43,2,C
23000004,1,3,B
23000004,10,3,C
23000004,31,3,C
23000004,42,4,B
23000004,25,4,A
23000004,32,4,B
23000004,39,4,A
21000008,26,1,F
21000008,42,1,F
21000008,39,1,A
21000008,29,2,F
21000008,45,2,A
21000008,11,2,B
21000008,43,2,C
21000008,47,3,C
21000008,27,3,F
21000008,32,3,C
21000008,10,3,B
21000008,25,4,F
21000008,15,4,B
21000008,46,4,D
21000008,21,4,D
21000008,40,5,B
21000008,33,5,C
21000008,22,5,C
21000008,18,5,B
21000008,24,6,C
21000008,41,6,A
21000008,49,6,A
21000008,37,7,B
21000008,50,7,B
21000008,4,7,C
21000008,14,7,A
21000008,44,8,A
21000008,36,8,A
21000008,12,8,A
21000008,17,8,B
22000003,2,1,B
22000003,10,1,B
22000003,23,1,D
22000003,29,1,A
22000003,17,2,B
22000003,6,2,A
22000003,28,2,F
22000003,43,2,C
22000003,15,3,A
22000003,20,3,C
22000003,9,3,B
22000003,38,3,C
22000003,22,4,D
22000003,13,4,A
22000003,5,4,A
22000003,25,5,A
22000003,12,5,A
22000003,11,5,B
22000003,26,5,C
22000003,30,6,A
22000003,42,6,C
22000003,50,6,B
22000003,34,6,A
24000005,43,1,A
24000005,31,1,D
24000005,4,1,A
24000005,30,1,B
24000005,32,2,B
24000005,22,2,C
24000005,20,2,C
24000005,45,2,B
23000005,36,1,C
23000005,42,1,C
23000005,19,1,B
23000005,37,1,B
23000005,35,2,A
23000005,11,2,C
23000005,1,2,A
23000005,7,3,A
23000005,31,3,A
23000005,50,3,F
23000005,44,3,D
23000005,12,4,D
23000005,13,4,C
23000005,27,4,B
23000005,3,4,B
22000004,38,1,F
22000004,49,1,F
22000004,32,1,C
22000004,2,1,C
22000004,16,2,B
22000004,24,2,B
22000004,17,2,A
22000004,14,2,B
22000004,40,3,C
22000004,47,3,B
22000004,33,3,D
22000004,35,3,A
22000004,43,4,C
22000004,44,4,C
22000004,10,4,D
22000004,12,4,B
22000004,13,5,F
22000004,8,5,B
22000004,18,5,A
22000004,27,6,A
22000004,46,6,A
24000006,6,1,C
24000006,4,1,F
24000006,48,1,D
24000006,47,1,A
24000006,25,2,C
24000006,14,2,A
24000006,7,2,A
24000006,28,2,C
24000007,45,1,C
24000007,32,1,D
24000007,12,1,A
24000007,20,1,C
24000007,28,2,C
24000007,24,2,B
24000007,6,2,B
23000006,37,1,D
23000006,12,1,B
23000006,20,1,F
23000006,17,1,A
23000006,48,2,F
23000006,2,2,F
23000006,29,2,A
23000006,33,2,F
23000006,30,3,B
23000006,10,3,A
23000006,1,3,B
23000006,15,4,A
23000006,47,4,D
23000006,27,4,B
23000006,28,4,C
23000007,35,1,B
23000007,30,1,B
23000007,45,1,B
23000007,28,1,A
23000007,24,2,B
23000007,32,2,B
23000007,38,2,A
23000007,43,2,F
23000007,23,2,B
23000007,37,3,C
23000007,25,3,D
23000007,36,3,B
23000007,20,3,B
23000007,3,4,B
23000007,19,4,A
23000007,13,4,A
23000007,4,4,A
23000008,21,1,F
23000008,47,1,B
23000008,35,1,B
23000008,28,1,A
23000008,39,2,B
23000008,42,2,B
23000008,5,2,D
23000008,33,2,B
23000008,10,3,C
23000008,45,3,C
23000008,27,3,A
23000008,26,3,C
23000008,25,4,F
23000008,18,4,C
23000008,36,4,B
23000009,48,1,A
23000009,30,1,C
23000009,31,1,A
23000009,28,1,C
23000009,36,2,B
23000009,2,2,D
23000009,49,2,B
23000009,13,2,C
23000009,22,3,A
23000009,19,3,A
23000009,20,3,D
23000009,26,4,F
23000009,1,4,C
23000009,7,4,C
23000009,15,4,B
21000009,18,1,D
21000009,32,1,A
21000009,27,1,C
21000009,46,2,A
21000009,47,2,B
21000009,42,2,B
21000009,1,3,B
21000009,13,3,C
21000009,28,3,B
21000009,34,4,B
21000009,20,4,B
21000009,23,4,A
21000009,3,5,B
21000009,8,5,A
21000009,21,5,B
21000009,39,6,A
21000009,15,6,F
21000009,35,6,A
21000009,5,7,C
21000009,10,7,B
21000009,41,7,C
21000009,36,8,D
24000008,12,1,A
24000008,26,1,A
24000008,48,1,A
24000008,10,1,A
24000008,39,1,B
24000008,42,2,C
24000008,14,2,A
24000008,46,2,B
24000008,38,2,B
24000008,23,2,B
22000005,11,1,B
22000005,18,1,F
22000005,28,1,A
22000005,17,1,C
22000005,30,2,D
22000005,46,2,C
22000005,34,2,D
22000005,47,2,C
22000005,19,3,A
22000005,20,4,B
22000005,12,4,B
22000005,36,4,A
22000005,43,5,A
22000005,49,5,A
22000005,40,6,B
22000005,33,6,B
22000005,4,6,C
22000005,9,6,B
22000006,27,1,D
22000006,5,1,A
22000006,37,1,B
22000006,20,1,A
22000006,36,2,A
22000006,32,2,D
22000006,6,2,D
22000006,28,2,B
22000006,41,3,A
22000006,23,3,A
22000006,29,3,F
22000006,12,3,D
22000006,14,4,B
22000006,43,4,A
22000006,48,4,F
22000006,49,5,A
22000006,46,5,F
22000006,21,5,B
22000006,38,5,C
22000006,19,6,C
22000006,44,6,B
22000006,33,6,A
22000006,9,6,A
21000010,27,1,A
21000010,36,1,D
21000010,2,1,B
21000010,9,1,D
21000010,17,2,B
21000010,31,2,C
21000010,21,2,A
21000010,32,2,F
21000010,19,3,C
21000010,13,3,B
21000010,4,3,F
21000010,48,3,A
21000010,47,4,B
21000010,22,4,C
21000010,37,4,B
21000010,18,4,C
21000010,44,5,F
21000010,24,5,B
21000010,34,5,C
21000010,35,5,A
21000010,26,6,A
21000010,1,6,F
21000010,42,6,B
21000010,6,6,B
21000010,12,7,F
21000010,15,7,B
21000010,46,7,B
21000010,14,7,B
21000010,49,8,A
21000010,11,8,B
21000011,25,1,C
21000011,8,1,C
21000011,30,1,A
21000011,43,1,A
21000011,23,2,C
21000011,20,2,C
21000011,42,2,C
21000011,10,2,B
21000011,27,3,A
21000011,32,3,A
21000011,14,3,A
21000011,36,4,B
21000011,4,4,A
21000011,28,4,A
21000011,26,4,A
21000011,37,5,B
21000011,34,5,B
21000011,44,5,B
21000011,29,5,A
21000011,22,6,B
21000011,16,6,A
21000011,12,6,B
21000011,39,6,A
21000011,33,7,B
21000011,24,7,A
21000011,21,7,B
21000011,19,7,A
21000011,17,8,D
21000011,40,8,D
21000011,48,8,F
21000011,6,8,B
22000007,21,1,A
22000007,45,1,B
22000007,27,1,A
22000007,1,1,B
22000007,36,2,B
22000007,31,2,A
22000007,42,2,B
22000007,11,2,B
22000007,46,3,B
22000007,50,3,A
22000007,19,3,A
22000007,7,3,A
22000007,35,4,C
22000007,33,4,B
22000007,25,4,A
22000007,44,4,A
22000007,43,5,A
22000007,41,5,F
22000007,17,5,A
22000007,3,6,B
22000007,12,6,C
22000007,38,6,A
22000007,40,6,A
23000010,43,1,C
23000010,50,1,D
23000010,20,1,F
23000010,38,2,A
23000010,23,2,B
23000010,37,2,F
23000010,13,3,A
23000010,26,3,A
23000010,27,3,F
23000010,44,4,F
23000010,11,4,A
23000010,1,4,C
22000008,37,1,B
22000008,30,1,B
22000008,44,1,A
22000008,23,2,B
22000008,22,2,C
22000008,21,2,B
22000008,25,3,A
22000008,32,3,B
22000008,39,3,B
22000008,45,4,B
22000008,36,4,C
22000008,6,4,B
22000008,34,5,F
22000008,29,5,B
22000008,48,5,C
22000008,26,6,B
22000008,9,6,A
22000008,43,6,C
24000009,36,1,C
24000009,5,1,C
24000009,12,1,B
24000009,33,1,B
24000009,16,2,C
24000009,37,2,A
24000009,8,2,C
24000009,2,2,C
24000010,27,1,C
24000010,42,1,A
24000010,11,1,F
24000010,46,1,B
24000010,33,2,B
24000010,7,2,B
24000010,35,2,F
24000010,37,2,C
23000011,34,1,B
23000011,49,1,C
23000011,10,1,B
23000011,30,1,D
23000011,25,2,B
23000011,5,2,C
23000011,8,2,A
23000011,2,2,C
23000011,21,3,C
23000011,18,3,B
23000011,47,3,C
23000011,33,3,A
23000011,31,4,F
23000011,17,4,C
23000011,22,4,B
23000011,46,4,C
24000011,8,1,F
24000011,47,1,B
24000011,6,1,A
24000011,9,1,A
24000011,4,1,B
24000011,30,2,B
24000011,49,2,C
24000011,33,2,B
24000011,35,2,B
24000011,37,2,B
21000012,46,1,C
21000012,11,1,C
21000012,31,1,B
21000012,39,1,B
21000012,22,2,A
21000012,47,2,A
21000012,6,2,B
21000012,41,2,F
21000012,24,3,A
21000012,38,3,F
21000012,45,3,A
21000012,49,3,A
21000012,26,4,B
21000012,43,4,A
21000012,29,5,B
21000012,40,6,B
21000012,33,6,B
21000012,50,6,C
21000012,8,6,A
21000012,2,7,A
21000012,18,8,C
21000012,35,8,A
21000012,30,8,C
21000012,25,8,B
23000012,47,1,C
23000012,3,1,A
23000012,45,2,F
23000012,33,2,A
23000012,18,2,A
23000012,13,2,A
23000012,37,2,B
23000012,8,3,F
23000012,14,3,A
23000012,5,3,B
23000012,23,3,A
23000012,40,3,C
23000012,44,4,B
23000012,36,4,A
23000012,46,4,B
23000012,31,4,A
23000012,25,4,B
23000013,39,1,B
23000013,17,1,C
23000013,45,1,A
23000013,12,1,C
23000013,3,2,C
23000013,21,2,A
23000013,4,2,A
23000013,26,2,D
23000013,16,3,A
23000013,13,3,B
23000013,6,3,B
23000013,2,3,A
23000013,5,4,D
23000013,37,4,B
23000013,18,4,C
23000013,42,4,B
21000013,37,1,C
21000013,24,1,C
21000013,14,1,B
21000013,1,2,D
21000013,50,2,C
21000013,5,2,C
21000013,42,3,C
21000013,19,3,A
21000013,13,3,B
21000013,9,4,A
21000013,27,4,A
21000013,44,4,A
21000013,23,5,A
21000013,29,5,A
21000013,6,5,C
21000013,28,6,B
21000013,17,6,B
21000013,43,6,A
21000013,35,7,B
21000013,26,7,A
21000013,30,7,B
21000013,46,8,C
21000013,45,8,B
21000013,7,8,F
23000014,40,1,B
23000014,43,1,B
23000014,27,1,A
23000014,50,2,B
23000014,29,2,B
23000014,22,2,A
23000014,12,3,B
23000014,49,3,A
23000014,36,3,A
23000014,26,4,C
23000014,17,4,F
23000014,14,4,B
21000014,32,1,B
21000014,3,1,C
21000014,19,1,B
21000014,15,1,D
21000014,38,2,B
21000014,1,2,A
21000014,29,2,A
21000014,6,2,C
21000014,4,3,A
21000014,16,3,A
21000014,14,3,B
21000014,13,3,A
21000014,41,4,B
21000014,48,4,C
21000014,10,4,C
21000014,45,4,B
21000014,39,5,A
21000014,5,5,A
21000014,31,5,C
21000014,12,5,C
21000014,33,6,B
21000014,9,6,C
21000014,24,7,A
21000014,18,7,C
21000014,17,7,B
21000014,43,7,F
21000014,28,8,A
21000014,20,8,C
21000014,23,8,C
21000014,37,8,A
22000009,11,1,F
22000009,3,1,B
22000009,8,1,B
22000009,36,1,C
22000009,35,2,B
22000009,20,2,F
22000009,29,2,C
22000009,24,2,A
22000009,40,3,C
22000009,14,3,B
22000009,32,3,B
22000009,7,3,C
22000009,25,4,C
22000009,10,4,A
22000009,43,4,A
22000009,28,4,A
22000009,38,5,A
22000009,1,5,A
22000009,47,5,B
22000009,13,5,A
22000009,4,6,B
22000009,15,6,A
22000009,9,6,C
22000009,22,6,A
23000015,17,1,A
23000015,16,1,D
23000015,10,1,F
23000015,42,1,C
23000015,36,1,A
23000015,38,2,F
23000015,40,2,C
23000015,31,2,D
23000015,47,3,F
23000015,39,3,D
23000015,33,3,A
23000015,5,3,D
23000015,21,3,A
23000015,28,4,C
23000015,2,4,C
23000015,49,4,C
24000012,11,1,C
24000012,14,1,B
24000012,47,1,B
24000012,46,1,A
24000012,4,1,B
24000012,22,2,B
24000012,12,2,C
24000012,50,2,D
24000012,2,2,A
24000012,37,2,B
23000016,22,1,A
23000016,14,1,F
23000016,12,1,B
23000016,18,1,F
23000016,32,2,B
23000016,30,2,A
23000016,31,2,C
23000016,17,2,C
23000016,15,3,C
23000016,4,3,B
23000016,28,3,C
23000016,42,3,B
23000016,35,4,A
23000016,33,4,B
23000016,5,4,A
23000016,16,4,B
23000017,42,1,A
23000017,24,1,A
23000017,48,1,D
23000017,11,1,B
23000017,36,2,B
23000017,47,2,B
23000017,38,2,B
23000017,39,2,B
23000017,45,3,C
23000017,29,3,A
23000017,12,3,A
23000017,40,4,C
23000017,49,4,B
23000017,14,4,A
23000017,3,4,D
22000010,40,1,B
22000010,17,1,A
22000010,3,1,F
22000010,34,2,A
22000010,47,2,C
22000010,48,2,A
22000010,21,3,C
22000010,50,3,A
22000010,49,3,F
22000010,22,4,A
22000010,29,4,C
22000010,19,4,A
22000010,46,5,B
22000010,8,5,D
22000010,14,5,A
22000010,18,6,B
22000010,26,6,A
21000015,30,1,C
21000015,16,1,A
21000015,40,1,C
21000015,35,1,C
21000015,2,2,A
21000015,48,2,B
21000015,38,2,A
21000015,44,2,A
21000015,17,3,C
21000015,5,3,A
21000015,8,3,C
21000015,31,3,C
21000015,29,4,F
21000015,36,4,B
21000015,20,4,A
21000015,14,5,A
21000015,49,5,B
21000015,32,5,C
21000015,37,5,A
21000015,24,6,A
21000015,43,6,D
21000015,28,6,A
21000015,26,7,C
21000015,12,7,C
21000015,33,7,A
21000015,42,8,F
24000013,21,1,A
24000013,48,1,B
24000013,35,1,A
24000013,25,1,C
24000013,18,2,B
24000013,44,2,C
24000013,13,2,C
24000013,41,2,A
21000016,36,1,B
21000016,47,1,C
21000016,44,1,D
21000016,31,1,A
21000016,46,1,A
21000016,40,2,C
21000016,41,2,C
21000016,23,2,B
21000016,5,2,F
21000016,35,2,B
21000016,50,3,A
21000016,49,3,A
21000016,39,3,A
21000016,29,3,B
21000016,27,3,B
21000016,45,4,B
21000016,42,5,C
21000016,32,5,C
21000016,21,5,C
21000016,17,5,C
21000016,26,6,A
21000016,1,6,B
21000016,24,6,B
21000016,3,6,C
21000016,12,6,A
21000016,15,7,A
21000016,9,7,D
21000016,16,8,F
21000016,2,8,B
21000016,14,8,A
22000011,19,1,B
22000011,26,1,C
22000011,43,1,B
22000011,4,1,F
22000011,30,2,F
22000011,20,2,F
22000011,3,2,A
22000011,48,2,D
22000011,21,3,B
22000011,2,3,B
22000011,47,3,C
22000011,32,3,C
22000011,49,4,F
22000011,12,4,C
22000011,17,4,A
22000011,46,5,A
22000011,45,5,A
22000011,22,5,A
22000011,10,5,A
22000011,37,6,C
22000011,50,6,B
22000011,13,6,B
23000018,24,1,B
23000018,41,1,B
23000018,6,1,C
23000018,49,1,A
23000018,26,2,B
23000018,30,2,C
23000018,46,2,A
23000018,36,2,B
23000018,44,3,B
23000018,50,3,A
23000018,35,3,C
23000018,10,3,B
23000018,47,4,B
23000018,39,4,C
23000019,49,1,D
23000019,38,1,C
23000019,14,2,A
23000019,5,2,C
23000019,50,2,C
23000019,9,3,D
23000019,27,3,A
23000019,40,3,A
23000019,8,3,B
23000019,46,4,B
23000019,30,4,B
23000019,4,4,A
23000019,47,4,C
21000017,41,1,C
21000017,7,1,A
21000017,35,1,C
21000017,43,2,C
21000017,28,2,A
21000017,33,2,F
21000017,44,3,B
21000017,49,3,C
21000017,50,3,C
21000017,46,4,A
21000017,40,4,A
21000017,13,4,C
21000017,29,5,A
21000017,20,5,D
21000017,9,5,C
21000017,21,6,A
21000017,36,6,C
21000017,45,6,A
21000017,14,7,A
21000017,18,7,C
21000017,1,7,B
21000017,11,8,A
21000017,24,8,B
21000017,48,8,A
22000012,20,1,B
22000012,46,1,B
22000012,10,1,B
22000012,16,1,A
22000012,47,1,A
22000012,24,2,B
22000012,2,2,C
22000012,14,2,A
22000012,26,2,B
22000012,30,2,A
22000012,23,3,D
22000012,3,3,A
22000012,25,3,B
22000012,11,3,B
22000012,38,3,A
22000012,50,4,F
22000012,19,4,D
22000012,9,4,B
22000012,41,4,D
22000012,29,4,C
22000012,40,5,B
22000012,42,5,A
22000012,36,5,B
22000012,33,5,C
22000012,45,6,A
22000012,27,6,A
22000012,39,6,B
22000013,50,1,B
22000013,31,1,D
22000013,22,1,A
22000013,5,1,C
22000013,23,2,F
22000013,21,2,F
22000013,1,2,A
22000013,29,2,B
22000013,48,3,A
22000013,11,3,D
22000013,9,3,B
22000013,15,3,B
22000013,33,4,A
22000013,38,4,A
22000013,49,4,B
22000013,26,4,A
22000013,35,5,B
22000013,12,5,B
22000013,2,5,B
22000013,17,5,B
22000013,46,6,C
22000013,41,6,A
22000013,40,6,D
22000013,34,6,C
22000014,35,1,A
22000014,1,1,A
22000014,20,1,B
22000014,37,1,A
22000014,3,2,B
22000014,17,2,D
22000014,49,2,D
22000014,32,2,F
22000014,23,3,A
22000014,10,3,C
22000014,44,3,D
22000014,38,3,C
22000014,24,4,A
22000014,8,4,B
22000014,47,4,A
22000014,34,4,B
22000014,26,5,A
22000014,25,5,F
22000014,40,5,C
22000014,46,5,A
22000014,11,6,F
22000014,36,6,D
22000014,7,6,B
22000014,29,6,C
24000014,6,1,B
24000014,5,1,F
24000014,31,1,A
24000014,17,2,A
24000014,25,2,A
24000014,40,2,C
21000018,47,1,A
21000018,20,1,B
21000018,14,1,B
21000018,26,1,F
21000018,34,2,A
21000018,15,2,A
21000018,22,2,B
21000018,41,2,C
21000018,48,3,C
21000018,42,3,C
21000018,9,3,A
21000018,44,3,A
21000018,21,4,A
21000018,32,4,A
21000018,43,4,C
21000018,46,4,B
21000018,19,5,A
21000018,11,5,A
21000018,49,5,B
21000018,1,6,B
21000018,30,6,B
21000018,8,6,F
21000018,23,6,A
21000018,29,7,A
21000018,2,7,A
21000018,36,8,A
21000018,4,8,A
21000018,37,8,C
21000018,10,8,C
21000019,8,1,C
21000019,16,1,A
21000019,43,1,D
21000019,22,2,B
21000019,24,2,A
21000019,26,2,A
21000019,5,3,B
21000019,41,3,B
21000019,10,3,C
21000019,21,4,A
21000019,38,4,F
21000019,17,4,A
21000019,50,5,B
21000019,46,5,B
21000019,40,5,C
21000019,37,6,A
21000019,30,6,B
21000019,12,6,C
21000019,42,7,A
21000019,1,7,A
21000019,31,7,C
21000019,6,8,F
21000019,32,8,A
21000019,27,8,C
21000020,23,1,B
21000020,5,1,C
21000020,41,1,C
21000020,29,1,C
21000020,28,2,A
21000020,32,2,C
21000020,4,2,A
21000020,16,2,A
21000020,39,3,D
21000020,30,3,B
21000020,48,3,A
21000020,22,4,D
21000020,25,4,C
21000020,24,4,B
21000020,2,4,A
21000020,6,5,B
21000020,47,5,A
21000020,46,5,B
21000020,27,6,C
21000020,45,6,B
21000020,26,6,A
21000020,9,6,C
21000020,37,7,A
21000020,42,7,A
21000021,2,1,A
21000021,36,1,A
21000021,11,1,D
21000021,38,1,A
21000021,3,2,C
21000021,50,2,A
21000021,15,2,B
21000021,25,2,B
21000021,26,3,B
21000021,45,3,A
21000021,22,3,A
21000021,34,4,A
21000021,21,4,A
21000021,41,4,D
21000021,49,4,B
21000021,29,5,B
21000021,39,5,C
21000021,42,5,C
21000021,31,6,F
21000021,6,6,C
21000021,13,6,B
21000021,20,6,B
21000021,47,7,B
21000021,35,7,D
21000021,32,7,B
21000021,18,7,B
21000021,23,8,A
21000021,48,8,A
21000021,37,8,A
21000021,30,8,D
23000020,2,1,C
23000020,23,1,A
23000020,25,1,F
23000020,29,1,B
23000020,41,1,C
23000020,20,2,F
23000020,26,2,F
23000020,45,2,A
23000020,15,2,C
23000020,47,2,A
23000020,4,3,C
23000020,30,3,D
23000020,48,3,A
23000020,9,3,F
23000020,28,3,A
23000020,19,4,D
23000020,37,4,C
23000020,5,4,B
23000020,10,4,C
23000020,14,4,D
22000015,25,1,A
22000015,8,1,C
22000015,43,1,C
22000015,50,2,C
22000015,16,2,D
22000015,45,2,A
22000015,29,3,C
22000015,21,3,F
22000015,31,3,B
22000015,17,4,B
22000015,47,4,A
22000015,37,4,F
22000015,20,5,D
22000015,34,5,B
22000015,44,5,A
22000015,49,6,B
22000015,14,6,A
22000015,27,6,A
24000015,6,1,A
24000015,40,1,B
24000015,27,1,A
24000015,2,1,D
24000015,30,2,A
24000015,47,2,A
24000015,21,2,C
24000015,49,2,D
22000016,19,1,D
22000016,18,1,B
22000016,38,1,A
22000016,32,1,C
22000016,20,2,D
22000016,28,2,C
22000016,35,2,D
22000016,30,3,D
22000016,42,3,F
22000016,24,3,B
22000016,40,3,F
22000016,49,4,B
22000016,10,4,A
22000016,25,4,A
22000016,14,5,A
22000016,48,5,A
22000016,7,5,F
22000016,31,5,C
22000016,15,6,F
22000016,50,6,B
22000017,6,1,A
22000017,14,1,F
22000017,23,1,C
22000017,35,1,F
22000017,9,2,C
22000017,50,2,A
22000017,15,2,C
22000017,30,2,A
22000017,28,3,A
22000017,47,3,C
22000017,36,3,A
22000017,3,3,C
22000017,27,4,F
22000017,43,4,F
22000017,46,4,B
22000017,26,4,F
22000017,24,5,F
22000017,29,5,A
22000017,5,5,B
22000017,25,5,F
22000017,38,6,F
22000017,8,6,A
22000017,20,6,B
22000017,32,6,F
24000016,40,1,A
24000016,47,1,C
24000016,48,1,A
24000016,8,2,F
24000016,15,2,A
24000016,38,2,D
24000017,41,1,A
24000017,31,1,C
24000017,11,1,C
24000017,50,1,D
24000017,23,2,B
24000017,29,2,A
24000017,28,2,A
24000017,26,2,A
21000022,6,1,A
21000022,23,1,A
21000022,9,1,A
21000022,43,2,B
21000022,15,2,C
21000022,50,2,F
21000022,8,3,D
21000022,24,3,B
21000022,41,3,B
21000022,29,4,B
21000022,19,4,A
21000022,31,4,B
21000022,18,5,D
21000022,34,5,C
21000022,2,5,C
21000022,25,6,A
21000022,27,6,A
21000022,22,6,C
21000022,40,7,A
21000022,28,7,A
21000022,45,7,F
21000022,38,8,A
21000022,10,8,A
21000022,42,8,A
22000018,2,1,C
22000018,9,1,B
22000018,20,1,D
22000018,11,1,A
22000018,36,2,C
22000018,47,2,C
22000018,32,2,B
22000018,1,2,A
22000018,15,3,F
22000018,31,3,A
22000018,21,3,D
22000018,39,3,A
22000018,4,4,A
22000018,48,4,A
22000018,24,4,A
22000018,37,5,C
22000018,38,5,C
22000018,44,5,C
22000018,45,5,A
22000018,19,6,A
22000018,49,6,A
22000018,28,6,A
22000018,27,6,B
24000018,48,1,D
24000018,5,1,A
24000018,10,1,B
24000018,32,1,B
24000018,9,1,B
24000018,33,2,C
24000018,22,2,C
24000018,1,2,A
24000018,23,2,A
24000019,17,1,A
24000019,7,1,B
24000019,38,1,A
24000019,50,2,D
24000019,5,2,B
24000019,24,2,B
24000020,36,1,B
24000020,2,1,C
24000020,5,1,A
24000020,8,2,B
24000020,48,2,A
24000020,30,2,D
24000021,22,1,B
24000021,47,1,B
24000021,23,1,A
24000021,12,1,B
24000021,31,2,A
24000021,25,2,A
24000021,21,2,A
24000021,48,2,C
22000019,29,1,C
22000019,2,1,A
22000019,9,1,B
22000019,13,2,B
22000019,6,2,F
22000019,15,2,C
22000019,36,3,B
22000019,18,3,D
22000019,22,3,C
22000019,20,4,B
22000019,3,4,B
22000019,34,4,D
22000019,7,5,B
22000019,12,5,D
22000019,32,5,B
22000019,48,6,A
22000019,1,6,D
22000019,26,6,C
24000022,3,1,B
24000022,38,1,D
24000022,45,1,C
24000022,10,1,C
24000022,21,2,C
24000022,26,2,A
24000022,41,2,C
24000022,28,2,A
21000023,34,1,F
21000023,5,1,F
21000023,12,1,C
21000023,2,1,A
21000023,30,2,B
21000023,27,2,F
21000023,46,2,B
21000023,48,2,F
21000023,23,3,C
21000023,11,3,C
21000023,20,3,A
21000023,40,3,D
21000023,9,4,D
21000023,17,4,A
21000023,13,4,B
21000023,47,4,B
21000023,28,5,A
21000023,15,5,A
21000023,35,6,B
21000023,29,6,D
21000023,33,6,C
21000023,22,6,B
21000023,49,7,B
21000023,25,8,B
21000023,42,8,B
21000023,24,8,A
22000020,1,1,C
22000020,15,1,C
22000020,3,1,F
22000020,9,1,F
22000020,5,2,B
22000020,10,2,A
22000020,22,2,B
22000020,48,2,B
22000020,31,2,B
22000020,25,3,B
22000020,18,3,B
22000020,23,3,B
22000020,36,3,B
22000020,17,3,A
22000020,34,4,A
22000020,13,4,A
22000020,2,4,B
22000020,41,4,C
22000020,40,4,A
22000020,29,5,D
22000020,28,5,A
22000020,43,5,A
22000020,45,5,C
22000020,30,6,F
22000020,14,6,D
23000021,16,1,A
23000021,30,1,C
23000021,43,1,B
23000021,6,2,B
23000021,20,2,B
23000021,9,2,C
23000021,22,3,A
23000021,50,3,D
23000021,13,3,A
23000021,21,4,F
23000021,26,4,B
23000021,28,4,C
23000022,37,1,A
23000022,24,1,B
23000022,44,1,C
23000022,13,2,A
23000022,12,2,A
23000022,26,2,D
23000022,23,3,C
23000022,18,3,C
23000022,20,3,D
23000022,32,4,C
23000022,42,4,B
23000022,16,4,A
21000024,34,1,B
21000024,27,1,B
21000024,45,1,A
21000024,20,1,D
21000024,4,2,D
21000024,30,2,A
21000024,6,2,A
21000024,40,2,D
21000024,33,3,C
21000024,10,3,A
21000024,39,3,B
21000024,24,3,D
21000024,43,4,C
21000024,32,4,A
21000024,13,4,C
21000024,37,4,B
21000024,50,5,B
21000024,25,5,A
21000024,26,5,A
21000024,28,5,B
21000024,19,6,B
21000024,7,6,A
21000024,42,6,D
21000024,18,7,B
21000024,8,7,A
21000024,12,7,A
21000024,17,7,D
21000024,29,8,C
21000024,2,8,C
21000024,22,8,A
21000024,21,8,B
24000023,45,1,A
24000023,46,1,B
24000023,40,1,F
24000023,13,1,D
24000023,26,2,C
24000023,48,2,C
24000023,28,2,A
24000023,9,2,B
22000021,7,1,A
22000021,17,1,C
22000021,31,1,C
22000021,40,2,A
22000021,35,2,D
22000021,18,2,C
22000021,43,2,C
22000021,49,3,A
22000021,30,3,A
22000021,23,3,C
22000021,45,3,A
22000021,3,4,F
22000021,34,4,C
22000021,28,4,B
22000021,5,4,B
22000021,4,5,A
22000021,41,5,A
22000021,16,5,B
22000021,29,5,C
22000021,48,6,C
22000021,12,6,B
21000025,16,1,A
21000025,30,1,B
21000025,47,1,C
21000025,5,1,D
21000025,17,2,B
21000025,14,2,C
21000025,40,2,C
21000025,44,2,B
21000025,41,3,A
21000025,31,3,A
21000025,26,3,F
21000025,33,3,C
21000025,7,4,D
21000025,49,5,A
21000025,13,5,C
21000025,50,5,D
21000025,24,5,A
21000025,29,6,A
21000025,18,6,C
21000025,39,6,D
21000025,45,6,C
21000025,21,8,C
21000025,36,8,B
21000025,1,8,B
21000025,15,8,C
24000024,29,1,C
24000024,27,1,C
24000024,38,1,F
24000024,6,1,A
24000024,11,2,B
24000024,21,2,B
23000023,15,1,A
23000023,40,1,C
23000023,16,1,B
23000023,21,2,A
23000023,50,2,C
23000023,46,2,A
23000023,28,2,B
23000023,47,3,C
23000023,13,3,D
23000023,18,3,C
23000023,49,3,B
23000023,22,4,D
23000023,36,4,D
23000023,17,4,D
21000026,6,1,A
21000026,13,1,A
21000026,32,1,A
21000026,33,1,A
21000026,45,2,C
21000026,28,2,C
21000026,22,2,A
21000026,20,2,C
21000026,42,3,B
21000026,24,3,A
21000026,2,3,B
21000026,26,3,C
21000026,34,4,A
21000026,49,4,C
21000026,23,4,B
21000026,16,4,A
21000026,29,5,A
21000026,39,5,D
21000026,4,5,B
21000026,37,6,D
21000026,41,6,B
21000026,30,6,F
21000026,48,6,A
21000026,9,7,D
21000026,11,7,B
21000026,38,7,D
21000026,36,7,B
21000026,35,8,A
21000026,18,8,A
21000026,47,8,C
21000026,44,8,A
22000022,43,1,A
22000022,6,1,B
22000022,41,1,B
22000022,12,2,D
22000022,31,2,B
22000022,26,2,B
22000022,23,3,C
22000022,30,3,C
22000022,4,3,B
22000022,32,4,C
22000022,11,4,A
22000022,42,4,C
22000022,5,5,A
22000022,3,5,A
22000022,27,5,C
22000022,29,6,A
22000022,20,6,C
22000022,16,6,B
22000023,8,1,C
22000023,20,1,A
22000023,5,1,C
22000023,15,1,C
22000023,6,2,B
22000023,39,2,F
22000023,12,2,B
22000023,14,2,A
22000023,48,3,A
22000023,47,3,B
22000023,37,3,A
22000023,33,3,B
22000023,46,4,C
22000023,17,4,A
22000023,35,4,C
22000023,28,4,C
22000023,31,5,A
22000023,13,5,C
22000023,24,5,A
22000023,49,5,A
22000023,40,6,B
22000023,11,6,B
22000023,4,6,A
22000023,27,6,C
24000025,3,1,B
24000025,20,1,B
24000025,28,1,C
24000025,4,1,C
24000025,43,2,B
24000025,25,2,D
24000025,37,2,F
24000025,5,2,B
24000026,3,1,D
24000026,26,1,B
24000026,41,1,A
24000026,37,1,F
24000026,6,2,D
24000026,29,2,B
24000026,11,2,A
24000026,47,2,C
22000024,19,1,A
22000024,18,1,C
22000024,36,1,C
22000024,33,1,A
22000024,44,2,B
22000024,13,2,C
22000024,42,2,A
22000024,39,2,D
22000024,1,3,A
22000024,31,3,B
22000024,34,3,A
22000024,22,3,F
22000024,7,4,C
22000024,24,4,C
22000024,4,4,A
22000024,37,4,C
22000024,35,5,B
22000024,30,5,B
22000024,47,5,B
22000024,28,5,B
22000024,8,6,A
22000024,43,6,C
22000024,9,6,B
24000027,16,1,B
24000027,48,1,C
24000027,13,1,C
24000027,37,1,A
24000027,15,1,C
24000027,43,2,A
24000027,44,2,D
24000027,17,2,A
24000027,34,2,C
24000027,32,2,A
21000027,17,1,A
21000027,42,1,A
21000027,44,1,A
21000027,7,1,A
21000027,41,2,A
21000027,36,2,B
21000027,19,2,A
21000027,28,2,C
21000027,18,3,A
21000027,25,3,A
21000027,21,3,B
21000027,48,4,A
21000027,35,5,F
21000027,4,5,A
21000027,39,5,A
21000027,22,5,C
21000027,3,6,D
21000027,34,6,C
21000027,45,6,C
21000027,37,6,A
21000027,13,7,A
21000027,10,7,B
21000027,47,7,C
21000027,27,8,A
21000027,38,8,A
22000025,19,1,A
22000025,32,1,F
22000025,49,1,B
22000025,15,1,B
22000025,47,2,A
22000025,4,2,A
22000025,39,2,A
22000025,37,2,B
22000025,33,2,C
22000025,44,3,A
22000025,23,3,C
22000025,22,3,A
22000025,29,3,C
22000025,40,3,A
22000025,1,4,D
22000025,7,4,C
22000025,18,4,A
22000025,16,4,B
22000025,6,4,B
22000025,30,5,B
22000025,35,5,D
22000025,26,5,A
22000025,9,5,C
22000025,31,5,A
22000025,28,6,B
22000025,42,6,F
22000025,46,6,A
22000025,2,6,B
22000025,48,6,D
21000028,50,1,C
21000028,45,1,C
21000028,13,1,C
21000028,7,1,A
21000028,18,2,C
21000028,23,2,A
21000028,30,2,F
21000028,20,2,A
21000028,24,3,B
21000028,37,3,B
21000028,29,3,C
21000028,48,3,C
21000028,33,4,A
21000028,6,4,B
21000028,47,4,B
21000028,26,4,A
21000028,9,5,C
21000028,32,5,C
21000028,28,5,F
21000028,44,5,A
21000028,49,6,F
21000028,38,6,A
21000028,35,6,B
21000028,1,7,A
21000028,3,7,A
22000026,44,1,B
22000026,18,1,C
22000026,9,1,C
22000026,39,1,C
22000026,33,1,B
22000026,43,2,B
22000026,46,2,F
22000026,41,2,C
22000026,45,2,B
22000026,35,2,B
22000026,16,3,C
22000026,13,3,A
22000026,34,3,C
22000026,36,3,A
22000026,5,4,B
22000026,42,4,C
22000026,14,5,B
22000026,28,5,C
22000026,32,5,B
22000026,37,5,F
22000026,25,5,A
22000026,31,6,B
22000026,50,6,A
21000029,9,1,D
21000029,26,1,D
21000029,16,1,D
21000029,19,2,A
21000029,2,2,B
21000029,35,2,A
21000029,33,2,F
21000029,24,2,A
21000029,30,3,A
21000029,22,3,C
21000029,43,3,B
21000029,23,3,A
21000029,42,3,B
21000029,34,4,C
21000029,15,4,B
21000029,47,4,D
21000029,50,5,B
21000029,48,5,A
21000029,4,6,B
21000029,13,6,C
21000029,37,6,A
21000029,44,6,B
21000029,5,7,B
21000029,18,7,A
21000029,11,7,A
21000029,14,7,B
21000029,49,7,B
21000029,25,8,A
21000029,39,8,B
22000027,36,1,A
22000027,27,1,C
22000027,31,1,F
22000027,42,1,B
22000027,22,2,A
22000027,19,2,A
22000027,7,3,B
22000027,39,3,B
22000027,43,3,B
22000027,21,3,B
22000027,9,4,C
22000027,45,4,C
22000027,3,4,A
22000027,35,5,C
22000027,37,5,A
22000027,44,5,A
22000027,23,5,C
22000027,1,6,F
22000027,13,6,A
22000027,46,6,B
22000027,18,6,C
24000028,22,1,A
24000028,1,1,A
24000028,26,1,A
24000028,13,1,C
24000028,29,2,C
24000028,15,2,A
24000028,45,2,C
24000028,2,2,A
21000030,41,1,F
21000030,26,1,B
21000030,22,1,B
21000030,45,1,C
21000030,48,2,C
21000030,19,2,A
21000030,6,2,B
21000030,2,2,F
21000030,33,3,C
21000030,42,3,B
21000030,20,3,C
21000030,15,3,B
21000030,24,4,C
21000030,29,4,F
21000030,13,4,A
21000030,16,4,B
21000030,28,5,B
21000030,7,5,A
21000030,23,6,F
21000030,49,6,C
21000030,3,6,B
21000030,18,6,B
21000030,43,7,F
21000030,32,7,A
21000030,39,7,B
21000030,47,7,C
21000030,21,8,A
21000030,46,8,B
21000030,27,8,B
21000030,9,8,D
22000028,8,1,B
22000028,38,1,B
22000028,21,1,F
22000028,11,1,D
22000028,41,1,C
22000028,16,2,A
22000028,40,2,F
22000028,47,2,F
22000028,22,2,B
22000028,30,2,A
22000028,49,3,B
22000028,24,3,C
22000028,31,3,C
22000028,7,3,A
22000028,27,4,C
22000028,46,4,D
22000028,23,4,C
22000028,37,5,F
22000028,44,5,B
22000028,36,5,A
22000028,26,5,B
22000028,12,5,A
22000028,29,6,A
22000028,17,6,C
22000028,6,6,F
22000028,1,6,C
22000028,20,6,F
24000029,11,1,B
24000029,23,1,C
24000029,10,1,B
24000029,17,1,A
24000029,12,2,B
24000029,46,2,B
24000030,24,1,B
24000030,46,1,C
24000030,8,1,B
24000030,43,2,C
24000030,42,2,D
24000030,9,2,B
24000030,50,2,D
24000031,32,1,C
24000031,46,1,B
24000031,20,1,A
24000031,3,1,A
24000031,28,2,C
24000031,47,2,A
24000031,5,2,C
24000031,11,2,A
21000031,41,1,B
21000031,46,1,A
21000031,29,1,D
21000031,1,1,C
21000031,36,1,B
21000031,9,2,C
21000031,38,2,A
21000031,40,2,C
21000031,10,2,A
21000031,45,2,D
21000031,31,3,C
21000031,50,3,D
21000031,24,3,C
21000031,2,3,B
21000031,15,4,A
21000031,8,4,C
21000031,32,4,C
21000031,26,4,A
21000031,11,4,C
21000031,21,5,F
21000031,19,6,B
21000031,47,6,F
21000031,49,6,F
21000031,6,6,A
21000031,30,6,B
21000031,25,7,A
21000031,22,7,A
21000031,20,7,B
21000031,3,7,C
21000031,17,7,D
21000031,18,8,C
23000024,24,1,D
23000024,26,1,C
23000024,11,1,C
23000024,10,1,C
23000024,20,1,B
23000024,17,2,C
23000024,46,2,C
23000024,1,2,F
23000024,9,2,B
23000024,29,2,A
23000024,25,3,C
23000024,40,3,A
23000024,33,3,A
23000024,47,3,B
23000024,49,3,B
23000024,39,4,B
23000024,45,4,B
23000024,38,4,A
23000024,50,4,B
23000024,8,4,A
21000032,46,1,B
21000032,41,1,C
21000032,25,1,A
21000032,42,2,A
21000032,3,2,B
21000032,38,2,A
21000032,11,3,F
21000032,20,3,B
21000032,23,3,C
21000032,24,4,B
21000032,35,4,B
21000032,48,4,B
21000032,29,5,C
21000032,10,5,A
21000032,12,5,A
21000032,26,6,A
21000032,1,7,A
21000032,8,7,B
21000032,47,7,B
21000032,43,8,B
21000032,34,8,A
21000032,50,8,A
24000032,25,1,A
24000032,20,1,B
24000032,13,1,B
24000032,37,1,A
24000032,42,2,C
24000032,32,2,B
24000032,45,2,F
24000032,15,2,D
22000029,9,1,F
22000029,10,1,A
22000029,6,1,C
22000029,42,2,B
22000029,13,2,D
22000029,46,2,C
22000029,18,3,C
22000029,39,3,F
22000029,36,3,C
22000029,14,4,B
22000029,28,4,D
22000029,43,4,F
22000029,4,5,B
22000029,15,5,B
22000029,50,5,A
22000029,41,6,D
22000029,33,6,C
22000029,31,6,B
23000025,23,1,C
23000025,19,1,B
23000025,21,1,A
23000025,11,1,D
23000025,38,1,A
23000025,20,2,B
23000025,24,2,F
23000025,12,2,A
23000025,3,2,F
23000025,43,3,B
23000025,18,3,A
23000025,32,3,A
23000025,44,3,C
23000025,50,3,C
23000025,17,4,D
23000025,33,4,B
24000033,15,1,A
24000033,22,1,B
24000033,23,1,C
24000033,14,1,F
24000033,2,2,C
24000033,29,2,C
24000033,49,2,F
24000033,48,2,C
21000033,5,1,A
21000033,2,1,B
21000033,17,2,B
21000033,38,2,A
21000033,34,2,A
21000033,40,3,C
21000033,29,3,B
21000033,26,3,B
21000033,35,3,A
21000033,25,4,A
21000033,22,4,B
21000033,32,4,C
21000033,7,4,B
21000033,43,5,A
21000033,30,5,C
21000033,24,6,B
21000033,50,6,B
21000033,9,6,B
21000033,39,6,C
21000033,21,7,B
21000033,16,7,C
21000033,10,7,A
21000033,36,7,F
21000033,41,8,A
21000033,28,8,C
21000033,13,8,A
21000033,42,8,A
22000030,34,1,C
22000030,15,1,B
22000030,35,1,B
22000030,20,2,C
22000030,7,2,B
22000030,13,2,B
22000030,29,3,A
22000030,4,3,B
22000030,21,3,C
22000030,24,4,B
22000030,39,4,F
22000030,36,4,A
22000030,18,5,C
22000030,33,5,D
22000030,41,5,C
22000030,28,6,C
22000030,11,6,B
22000030,42,6,F
21000034,14,1,B
21000034,35,1,B
21000034,20,1,A
21000034,26,1,A
21000034,42,2,C
21000034,37,2,B
21000034,45,2,F
21000034,39,2,B
21000034,27,3,C
21000034,46,3,D
21000034,24,3,B
21000034,5,3,B
21000034,44,4,C
21000034,18,4,B
21000034,3,4,A
21000034,13,4,A
21000034,1,5,C
21000034,43,5,A
21000034,33,5,A
21000034,7,5,C
21000034,41,6,D
21000034,25,6,D
21000034,47,6,F
21000034,30,6,F
21000034,15,7,B
21000034,49,7,B
21000034,28,8,A
21000034,23,8,A
21000034,36,8,A
21000034,21,8,C
23000026,37,1,B
23000026,25,1,B
23000026,7,1,A
23000026,19,1,C
23000026,34,2,A
23000026,27,2,C
23000026,41,2,D
23000026,6,2,B
23000026,16,3,B
23000026,3,3,B
23000026,48,3,A
23000026,9,3,B
23000026,33,4,B
23000026,13,4,B
23000026,11,4,A
23000026,22,4,B
21000035,18,1,A
21000035,47,1,A
21000035,48,1,A
21000035,35,2,C
21000035,20,2,B
21000035,36,2,D
21000035,14,2,A
21000035,45,3,C
21000035,10,3,D
21000035,30,3,B
21000035,42,3,B
21000035,37,4,A
21000035,3,4,B
21000035,24,4,A
21000035,29,4,B
21000035,19,5,C
21000035,6,5,D
21000035,25,5,A
21000035,16,6,B
21000035,44,6,A
21000035,39,7,D
21000035,50,7,A
21000035,27,7,A
21000035,49,8,A
21000035,17,8,B
21000036,31,1,A
21000036,22,1,C
21000036,8,2,B
21000036,44,2,C
21000036,32,2,D
21000036,11,2,B
21000036,23,3,B
21000036,29,3,F
21000036,14,3,B
21000036,26,3,C
21000036,25,4,B
21000036,40,4,A
21000036,21,4,C
21000036,45,4,C
21000036,36,5,A
21000036,17,5,B
21000036,35,5,B
21000036,43,6,B
21000036,50,6,B
21000036,24,6,C
21000036,42,6,C
21000036,3,7,C
21000036,47,7,B
21000036,34,7,A
21000036,1,8,B
21000036,38,8,B
23000027,15,1,A
23000027,37,1,F
23000027,26,2,C
23000027,2,2,F
23000027,44,2,C
23000027,7,2,B
23000027,4,3,B
23000027,23,3,A
23000027,5,3,B
23000027,30,4,A
23000027,19,4,B
23000027,10,4,A
23000027,29,4,A
22000031,31,1,D
22000031,1,1,B
22000031,10,1,B
22000031,30,1,B
22000031,13,2,A
22000031,26,2,F
22000031,24,2,B
22000031,45,2,C
22000031,21,3,B
22000031,9,3,C
22000031,2,3,C
22000031,11,3,A
22000031,25,4,B
22000031,29,4,A
22000031,15,4,C
22000031,36,4,B
22000031,33,5,C
22000031,28,5,C
22000031,8,5,B
22000031,46,5,B
22000031,42,6,D
22000031,38,6,B
22000031,50,6,B
22000031,47,6,D
24000034,1,1,B
24000034,15,1,B
24000034,38,1,C
24000034,16,1,B
24000034,41,2,A
24000034,46,2,A
24000034,24,2,A
24000034,31,2,C
23000028,13,1,A
23000028,15,1,A
23000028,34,1,B
23000028,22,1,C
23000028,37,2,A
23000028,18,2,A
23000028,7,2,C
23000028,9,2,C
23000028,2,3,B
23000028,14,3,B
23000028,42,3,A
23000028,33,3,A
23000028,49,4,C
23000028,28,4,A
23000028,46,4,A
21000037,11,1,B
21000037,9,1,A
21000037,42,1,C
21000037,35,1,A
21000037,33,2,B
21000037,36,2,A
21000037,2,2,A
21000037,18,3,A
21000037,50,3,F
21000037,34,3,B
21000037,41,3,B
21000037,13,4,A
21000037,20,4,C
21000037,28,4,C
21000037,25,4,A
21000037,27,5,A
21000037,6,5,B
21000037,37,5,F
21000037,40,5,D
21000037,24,6,A
21000037,7,6,C
21000037,44,6,B
21000037,1,6,C
21000037,39,7,C
21000037,3,7,A
21000037,38,8,B
21000037,21,8,A
21000037,15,8,C
21000037,32,8,A
24000035,39,1,B
24000035,13,1,C
24000035,24,1,A
24000035,18,1,B
24000035,21,1,A
24000035,33,2,A
24000035,42,2,D
24000035,19,2,B
24000035,29,2,B
24000035,35,2,A
22000032,3,1,A
22000032,32,1,B
22000032,17,1,C
22000032,16,1,A
22000032,6,2,C
22000032,15,2,B
22000032,20,2,A
22000032,13,2,B
22000032,11,3,A
22000032,2,3,B
22000032,49,3,C
22000032,1,4,D
22000032,28,4,C
22000032,30,4,C
22000032,5,5,B
22000032,9,5,B
22000032,12,5,A
22000032,47,6,B
22000032,38,6,A
22000032,4,6,C
22000032,10,6,C
24000036,30,1,B
24000036,31,1,C
24000036,18,1,C
24000036,4,1,C
24000036,22,2,C
24000036,17,2,A
24000036,37,2,A
24000036,32,2,B
21000038,37,1,A
21000038,46,1,D
21000038,50,2,B
21000038,1,2,D
21000038,22,2,B
21000038,20,3,A
21000038,45,3,C
21000038,25,3,C
21000038,32,4,B
21000038,6,4,A
21000038,8,4,A
21000038,43,5,C
21000038,31,5,C
21000038,4,5,A
21000038,23,6,B
21000038,30,6,A
21000038,28,6,C
21000038,12,7,A
21000038,3,7,C
21000038,7,7,B
21000038,48,8,A
21000038,11,8,A
21000038,19,8,C
23000029,33,1,C
23000029,22,1,B
23000029,26,1,C
23000029,30,1,B
23000029,36,2,B
23000029,13,2,B
23000029,39,3,A
23000029,5,3,A
23000029,18,3,B
23000029,2,3,C
23000029,28,4,C
23000029,34,4,D
23000029,32,4,C
23000029,11,4,C
21000039,10,1,B
21000039,41,1,C
21000039,25,1,A
21000039,46,1,A
21000039,38,2,B
21000039,50,2,B
21000039,19,2,B
21000039,29,2,C
21000039,1,3,C
21000039,26,3,A
21000039,24,3,F
21000039,42,3,A
21000039,36,4,A
21000039,11,4,A
21000039,2,4,F
21000039,15,4,B
21000039,13,5,A
21000039,30,5,A
21000039,33,5,A
21000039,23,5,A
21000039,27,6,B
21000039,31,6,F
21000039,18,6,B
21000039,35,7,B
21000039,34,7,C
21000039,47,8,B
21000040,17,1,F
21000040,32,1,D
21000040,40,1,C
21000040,16,1,B
21000040,37,2,A
21000040,7,2,C
21000040,31,2,C
21000040,27,2,B
21000040,30,3,A
21000040,12,3,B
21000040,20,3,B
21000040,29,3,A
21000040,21,4,A
21000040,4,4,A
21000040,6,4,A
21000040,39,4,A
21000040,23,5,A
21000040,25,5,F
21000040,44,5,C
21000040,22,5,B
21000040,35,6,B
21000040,14,6,B
21000040,36,7,B
21000040,5,7,C
21000040,45,7,A
21000040,41,7,A
21000040,42,8,A
21000040,46,8,C
21000041,49,1,D
21000041,2,1,B
21000041,34,1,F
21000041,41,1,A
21000041,30,2,C
21000041,48,2,A
21000041,24,2,F
21000041,42,2,B
21000041,27,3,A
21000041,33,3,B
21000041,21,3,A
21000041,13,3,A
21000041,35,4,A
21000041,12,4,F
21000041,8,4,C
21000041,14,4,F
21000041,20,5,D
21000041,45,5,C
21000041,43,5,B
21000041,29,5,C
21000041,9,6,F
21000041,17,6,B
21000041,37,6,C
21000041,6,6,C
21000041,44,7,F
21000041,23,7,B
21000041,32,7,B
21000041,40,7,B
21000041,18,8,A
21000041,28,8,A
21000041,36,8,A
21000041,3,8,B
23000030,27,1,F
23000030,10,1,C
23000030,7,1,A
23000030,38,1,B
23000030,13,2,F
23000030,44,2,B
23000030,22,2,A
23000030,3,2,D
23000030,4,3,A
23000030,43,3,A
23000030,20,3,C
23000030,37,3,C
23000030,25,4,A
23000030,40,4,F
23000030,29,4,B
23000030,28,4,B
23000031,6,1,D
23000031,47,1,A
23000031,43,1,F
23000031,30,2,C
23000031,23,2,D
23000031,50,2,B
23000031,20,3,A
23000031,38,3,C
23000031,22,3,D
23000031,21,4,A
23000031,10,4,A
23000031,26,4,A
21000042,48,1,C
21000042,29,1,A
21000042,26,1,A
21000042,1,1,F
21000042,15,1,C
21000042,16,2,C
21000042,50,2,C
21000042,11,2,C
21000042,28,2,B
21000042,2,2,A
21000042,35,3,B
21000042,9,3,C
21000042,36,3,B
21000042,33,3,F
21000042,30,4,D
21000042,49,4,D
21000042,38,4,B
21000042,42,4,F
21000042,46,5,D
21000042,10,5,A
21000042,25,6,A
21000042,43,7,B
21000042,6,7,A
21000042,47,7,C
21000042,5,7,B
21000042,31,8,B
21000042,41,8,B
21000042,13,8,B
21000042,22,8,C
21000042,18,8,A
24000037,14,1,F
24000037,3,1,C
24000037,35,1,B
24000037,25,2,C
24000037,12,2,A
24000037,38,2,A
24000037,50,2,C
24000037,31,2,B
21000043,26,1,C
21000043,33,1,A
21000043,18,2,B
21000043,43,2,A
21000043,34,2,B
21000043,4,2,C
21000043,29,3,B
21000043,37,3,B
21000043,48,3,A
21000043,30,3,C
21000043,32,4,B
21000043,38,4,D
21000043,16,4,A
21000043,20,4,A
21000043,22,5,A
21000043,25,5,B
21000043,6,5,A
21000043,39,5,A
21000043,46,6,A
21000043,2,6,A
21000043,23,6,B
21000043,28,6,B
21000043,36,7,A
21000043,45,7,F
21000043,3,7,A
21000043,40,8,C
21000043,10,8,A
21000043,11,8,B
21000043,50,8,F
22000033,21,1,D
22000033,10,1,B
22000033,14,2,C
22000033,47,2,C
22000033,35,2,B
22000033,4,2,B
22000033,49,3,B
22000033,1,3,B
22000033,40,3,C
22000033,25,3,A
22000033,8,4,C
22000033,26,4,B
22000033,16,4,C
22000033,30,4,B
22000033,19,5,A
22000033,12,5,B
22000033,5,5,B
22000033,50,5,F
22000033,31,6,A
22000033,17,6,A
22000033,15,6,A
22000033,45,6,D
24000038,33,1,F
24000038,10,1,A
24000038,6,1,B
24000038,29,1,C
24000038,4,2,A
24000038,23,2,C
24000038,22,2,B
24000038,20,2,C
22000034,7,1,B
22000034,36,1,C
22000034,30,1,D
22000034,22,1,B
22000034,33,2,B
22000034,20,2,C
22000034,32,2,A
22000034,42,2,A
22000034,46,3,C
22000034,48,3,B
22000034,2,3,C
22000034,21,3,B
22000034,49,4,D
22000034,39,4,A
22000034,4,4,A
22000034,18,4,A
22000034,40,5,A
22000034,38,5,A
22000034,34,5,A
22000034,35,5,B
22000034,11,6,A
22000034,26,6,B
22000034,47,6,D
22000034,16,6,B
21000044,46,1,C
21000044,20,1,F
21000044,24,1,B
21000044,38,1,A
21000044,49,1,A
21000044,12,2,C
21000044,1,2,C
21000044,21,2,F
21000044,11,2,C
21000044,15,2,A
21000044,17,3,A
21000044,47,3,A
21000044,40,3,A
21000044,29,4,D
21000044,45,4,B
21000044,10,4,A
21000044,36,4,B
21000044,32,5,C
21000044,23,6,A
21000044,41,6,A
21000044,19,6,A
21000044,26,6,C
21000044,42,6,D
21000044,9,7,A
21000044,34,7,A
21000044,50,7,A
21000044,2,8,B
21000044,27,8,A
21000044,6,8,C
21000044,25,8,A
23000032,6,1,C
23000032,37,1,D
23000032,42,1,B
23000032,44,1,B
23000032,12,2,F
23000032,33,2,B
23000032,18,2,A
23000032,14,2,B
23000032,41,3,F
23000032,50,3,C
23000032,31,3,A
23000032,47,3,B
23000032,49,4,C
23000032,27,4,C
23000032,20,4,B
23000032,13,4,B
23000033,19,1,C
23000033,36,1,B
23000033,1,1,B
23000033,16,1,B
23000033,29,2,C
23000033,39,2,B
23000033,27,2,B
23000033,46,2,A
23000033,31,3,A
23000033,26,3,A
23000033,15,3,C
23000033,43,3,D
23000033,10,4,B
23000033,42,4,B
23000033,48,4,A
23000033,11,4,F
22000035,38,1,F
22000035,43,1,B
22000035,40,1,A
22000035,4,2,B
22000035,9,2,B
22000035,48,2,A
22000035,1,3,A
22000035,50,3,B
22000035,45,3,B
22000035,16,4,B
22000035,30,4,B
22000035,18,4,A
22000035,41,5,C
22000035,10,5,B
22000035,5,5,B
22000035,34,6,A
22000035,25,6,B
22000035,13,6,A
21000045,13,1,C
21000045,12,1,D
21000045,18,1,C
21000045,4,1,C
21000045,25,2,B
21000045,46,2,C
21000045,27,2,C
21000045,16,2,B
21000045,33,3,D
21000045,37,3,A
21000045,17,3,A
21000045,45,3,C
21000045,44,4,B
21000045,34,4,A
21000045,38,4,C
21000045,1,4,A
21000045,47,5,A
21000045,40,5,A
21000045,5,5,B
21000045,7,5,A
21000045,49,6,A
21000045,8,6,A
21000045,35,6,C
21000045,20,6,C
21000045,42,7,A
21000045,28,7,A
21000045,21,7,B
21000045,31,7,A
21000045,9,8,A
21000046,32,1,C
21000046,2,1,F
21000046,41,1,B
21000046,1,1,C
21000046,38,1,B
21000046,35,2,D
21000046,23,2,F
21000046,10,3,A
21000046,24,3,C
21000046,13,3,A
21000046,46,3,B
21000046,6,3,A
21000046,21,4,D
21000046,43,4,C
21000046,26,4,C
21000046,19,4,A
21000046,29,4,C
21000046,34,5,A
21000046,15,5,C
21000046,11,5,B
21000046,31,5,C
21000046,50,5,A
21000046,42,6,B
21000046,33,6,C
21000046,30,6,B
21000046,36,6,F
21000046,4,7,B
21000046,28,7,C
21000046,9,7,A
21000046,5,8,A
21000046,18,8,B
21000046,47,8,A
22000036,11,1,F
22000036,12,1,B
22000036,47,1,A
22000036,26,1,C
22000036,20,2,A
22000036,49,2,D
22000036,42,2,D
22000036,17,2,A
22000036,19,3,A
22000036,40,3,C
22000036,35,3,B
22000036,31,4,A
22000036,2,4,A
22000036,9,4,A
22000036,23,4,C
22000036,50,5,A
22000036,22,5,A
22000036,36,5,C
22000036,13,5,B
22000036,7,6,B
22000036,10,6,B
22000036,27,6,A
23000034,40,1,A
23000034,11,1,A
23000034,47,2,C
23000034,20,2,F
23000034,1,2,F
23000034,48,2,C
23000034,49,3,A
23000034,31,3,C
23000034,32,3,C
23000034,29,3,C
23000034,39,4,A
23000034,23,4,A
23000034,34,4,F
23000034,9,4,C
21000047,2,1,C
21000047,9,1,C
21000047,44,1,B
21000047,32,2,A
21000047,49,2,C
21000047,19,2,B
21000047,26,3,A
21000047,23,3,D
21000047,6,3,B
21000047,39,4,B
21000047,41,4,A
21000047,35,4,C
21000047,42,5,A
21000047,30,5,A
21000047,48,5,A
21000047,16,6,C
21000047,18,6,A
21000047,31,6,C
21000047,24,7,D
21000047,22,7,B
21000047,21,7,A
21000047,8,8,A
21000047,28,8,A
21000047,7,8,A
24000039,30,1,B
24000039,19,1,A
24000039,43,1,C
24000039,50,1,B
24000039,11,2,A
24000039,2,2,A
24000039,42,2,D
24000039,36,2,C
24000039,45,2,A
21000048,43,1,C
21000048,28,1,C
21000048,34,1,B
21000048,4,1,B
21000048,20,1,B
21000048,38,2,B
21000048,22,2,B
21000048,6,2,C
21000048,23,2,B
21000048,27,2,C
21000048,30,3,A
21000048,21,3,B
21000048,40,3,A
21000048,32,3,C
21000048,29,3,A
21000048,24,4,D
21000048,18,4,A
21000048,2,4,B
21000048,48,4,A
21000048,47,4,B
21000048,12,5,C
21000048,36,5,C
21000048,33,5,B
21000048,9,5,C
21000048,45,6,A
21000048,14,6,B
21000048,39,6,B
21000048,37,6,A
21000048,17,6,F
21000048,7,7,A
21000048,44,7,B
21000048,46,7,D
21000048,3,7,A
22000037,16,1,C
22000037,36,1,A
22000037,47,1,B
22000037,45,1,F
22000037,49,2,B
22000037,44,2,B
22000037,28,2,C
22000037,20,2,D
22000037,2,3,A
22000037,32,3,A
22000037,17,3,A
22000037,38,3,A
22000037,29,4,F
22000037,15,4,F
22000037,8,4,A
22000037,34,5,C
22000037,13,5,B
22000037,10,6,A
22000037,7,6,B
22000037,24,6,A
22000037,40,6,B
22000038,49,1,A
22000038,21,1,C
22000038,15,1,B
22000038,25,2,A
22000038,12,2,C
22000038,47,2,B
22000038,19,3,B
22000038,5,3,C
22000038,43,3,D
22000038,17,4,A
22000038,40,4,A
22000038,33,4,B
22000038,41,5,A
22000038,27,5,A
22000038,2,5,F
22000038,8,6,B
22000038,46,6,B
22000038,30,6,A
21000049,36,1,F
21000049,50,1,B
21000049,29,1,B
21000049,38,1,C
21000049,1,1,B
21000049,24,2,C
21000049,46,2,C
21000049,5,3,B
21000049,23,3,A
21000049,31,3,C
21000049,22,3,F
21000049,30,3,A
21000049,41,4,F
21000049,11,4,B
21000049,9,4,B
21000049,6,4,C
21000049,18,4,F
21000049,26,5,B
21000049,13,5,B
21000049,47,5,F
21000049,7,5,A
21000049,42,5,A
21000049,19,6,A
21000049,28,6,D
21000049,15,6,A
21000049,16,6,C
21000049,21,6,C
21000049,32,7,A
21000049,45,7,B
21000049,48,8,B
21000049,12,8,F
21000049,17,8,A
21000049,49,8,A
23000035,38,1,B
23000035,43,1,A
23000035,42,1,B
23000035,48,1,C
23000035,39,1,A
23000035,27,2,C
23000035,30,2,A
23000035,41,2,B
23000035,10,2,D
23000035,49,2,C
23000035,16,3,C
23000035,35,3,C
23000035,8,3,A
23000035,37,3,C
23000035,44,3,C
23000035,25,4,B
23000035,29,4,D
23000035,45,4,B
22000039,44,1,B
22000039,1,1,C
22000039,38,1,B
22000039,10,1,A
22000039,35,2,A
22000039,17,2,C
22000039,15,2,B
22000039,4,2,C
22000039,13,3,B
22000039,9,3,D
22000039,18,3,D
22000039,28,3,A
22000039,29,4,C
22000039,14,4,B
22000039,11,4,A
22000039,34,4,C
22000039,39,5,B
22000039,45,5,A
22000039,41,5,A
22000039,12,5,B
22000039,47,6,A
22000039,50,6,B
22000039,46,6,A
22000039,24,6,A
21000050,26,1,C
21000050,21,1,B
21000050,25,1,B
21000050,30,1,C
21000050,36,1,B
21000050,50,2,A
21000050,17,2,B
21000050,48,2,B
21000050,40,2,A
21000050,14,2,A
21000050,34,3,B
21000050,2,3,A
21000050,23,3,B
21000050,39,3,A
21000050,42,4,B
21000050,13,4,C
21000050,28,4,A
21000050,8,4,A
21000050,46,4,B
21000050,45,5,B
21000050,20,5,C
21000050,49,5,A
21000050,19,6,B
21000050,1,6,C
21000050,31,6,A
21000050,24,7,A
21000050,9,7,C
21000050,15,7,A
21000050,18,7,F
21000050,3,7,A
21000050,41,8,B
21000050,43,8,B
21000050,35,8,A
21000050,32,8,A
21000050,12,8,B
23000036,8,1,A
23000036,46,1,B
23000036,20,1,F
23000036,13,2,C
23000036,12,2,F
23000036,4,2,B
23000036,32,3,A
23000036,40,3,A
23000036,50,3,C
23000036,16,4,A
23000036,22,4,B
23000036,39,4,C
24000040,41,1,D
24000040,4,1,A
24000040,42,1,A
24000040,17,2,F
24000040,28,2,F
24000040,26,2,D
24000040,6,2,D
23000037,41,1,A
23000037,39,1,C
23000037,8,1,A
23000037,32,2,B
23000037,5,2,A
23000037,19,2,A
23000037,2,3,B
23000037,45,3,A
23000037,38,3,B
23000037,43,4,A
23000037,46,4,B
23000037,11,4,C
24000041,23,1,A
24000041,43,1,C
24000041,46,1,A
24000041,47,1,C
24000041,39,2,C
24000041,28,2,A
22000040,37,1,A
22000040,22,1,B
22000040,25,1,C
22000040,17,2,C
22000040,14,2,A
22000040,48,2,C
22000040,26,3,A
22000040,10,3,B
22000040,42,3,A
22000040,43,4,D
22000040,45,4,C
22000040,47,4,D
22000040,13,5,A
22000040,1,5,D
22000040,9,5,B
22000040,28,6,A
22000040,27,6,B
22000040,18,6,F
24000042,2,1,A
24000042,21,1,B
24000042,35,1,D
24000042,15,1,B
24000042,36,2,A
24000042,12,2,B
24000042,34,2,B
24000042,23,2,F
22000041,26,1,A
22000041,30,1,A
22000041,47,1,B
22000041,2,1,B
22000041,14,2,B
22000041,40,2,A
22000041,24,2,B
22000041,19,2,B
22000041,20,3,C
22000041,34,3,A
22000041,15,3,F
22000041,1,3,B
22000041,32,4,C
22000041,11,4,C
22000041,37,4,D
22000041,27,4,D
22000041,10,5,C
22000041,44,5,A
22000041,25,5,B
22000041,42,5,A
22000041,9,6,A
22000041,16,6,D
22000041,29,6,C
22000041,49,6,A
24000043,27,1,B
24000043,49,1,F
24000043,11,1,C
24000043,33,1,C
24000043,37,2,A
24000043,2,2,A
24000043,47,2,A
24000043,44,2,F
24000044,43,1,D
24000044,6,1,B
24000044,4,1,B
24000044,42,1,A
24000044,12,2,A
24000044,23,2,B
24000044,40,2,C
24000044,28,2,D
24000045,12,1,B
24000045,48,1,C
24000045,28,1,B
24000045,31,1,A
24000045,2,2,F
24000045,47,2,F
24000045,5,2,A
24000045,25,2,F
24000046,40,1,D
24000046,6,1,B
24000046,4,1,B
24000046,37,1,F
24000046,38,2,A
24000046,31,2,B
24000046,20,2,D
24000046,23,2,C
21000051,40,1,C
21000051,41,1,D
21000051,20,1,B
21000051,48,1,B
21000051,24,2,B
21000051,6,2,F
21000051,26,2,D
21000051,33,2,F
21000051,32,3,A
21000051,28,3,C
21000051,35,3,A
21000051,29,3,A
21000051,43,4,C
21000051,8,4,B
21000051,50,5,A
21000051,31,5,B
21000051,22,5,A
21000051,5,5,A
21000051,36,6,C
21000051,25,6,B
21000051,3,7,C
21000051,46,7,B
21000051,14,7,B
21000051,4,8,B
21000051,7,8,C
21000051,9,8,A
21000051,30,8,C
22000042,19,1,B
22000042,6,1,A
22000042,28,1,A
22000042,30,1,A
22000042,38,2,C
22000042,8,2,A
22000042,20,2,A
22000042,43,2,B
22000042,49,3,C
22000042,34,3,F
22000042,26,3,C
22000042,4,3,A
22000042,39,4,F
22000042,45,4,F
22000042,18,4,D
22000042,11,4,B
22000042,22,5,A
22000042,24,5,B
22000042,12,5,A
22000042,42,5,B
22000042,3,6,A
22000042,27,6,C
22000042,9,6,B
23000038,46,1,B
23000038,18,1,C
23000038,11,1,C
23000038,22,1,C
23000038,45,1,B
23000038,29,2,D
23000038,41,2,C
23000038,35,2,B
23000038,40,2,B
23000038,15,2,D
23000038,5,3,A
23000038,10,3,F
23000038,32,3,B
23000038,26,3,B
23000038,7,3,C
23000038,4,4,B
23000038,50,4,B
23000038,38,4,C
23000038,30,4,A
23000038,13,4,A
24000047,28,1,B
24000047,13,1,B
24000047,36,1,D
24000047,17,1,B
24000047,32,2,B
24000047,8,2,C
24000047,43,2,A
24000047,20,2,B
22000043,28,1,A
22000043,30,1,D
22000043,16,1,B
22000043,31,2,C
22000043,37,2,A
22000043,6,2,C
22000043,25,3,F
22000043,23,3,C
22000043,29,3,A
22000043,14,4,B
22000043,13,4,B
22000043,9,4,A
22000043,1,5,B
22000043,46,5,C
22000043,45,6,A
22000043,38,6,B
22000043,44,6,A
24000048,8,1,C
24000048,43,1,D
24000048,47,1,C
24000048,1,1,C
24000048,24,2,A
24000048,49,2,A
24000048,50,2,B
24000048,31,2,B
22000044,5,1,B
22000044,2,1,B
22000044,23,1,C
22000044,21,1,B
22000044,30,2,F
22000044,9,2,B
22000044,28,2,B
22000044,22,2,C
22000044,3,3,D
22000044,29,3,B
22000044,11,3,C
22000044,15,3,A
22000044,17,4,D
22000044,12,4,A
22000044,43,4,C
22000044,44,4,B
22000044,38,5,A
22000044,34,5,C
22000044,39,5,B
22000044,13,5,B
22000044,6,6,A
22000044,50,6,A
22000044,24,6,A
22000044,18,6,B
21000052,13,1,A
21000052,50,1,B
21000052,9,1,D
21000052,28,1,B
21000052,11,2,A
21000052,46,2,D
21000052,29,2,A
21000052,1,2,C
21000052,41,3,B
21000052,37,3,B
21000052,42,3,A
21000052,15,3,B
21000052,14,4,A
21000052,10,4,B
21000052,38,4,B
21000052,44,4,B
21000052,8,5,C
21000052,33,6,A
21000052,20,6,A
21000052,24,6,C
21000052,6,7,A
21000052,16,7,C
21000052,12,7,B
21000052,31,8,C
21000052,47,8,A
21000052,36,8,F
21000052,32,8,A
24000049,34,1,B
24000049,15,1,A
24000049,8,1,C
24000049,43,1,C
24000049,22,1,C
24000049,9,2,C
24000049,4,2,C
23000039,32,1,A
23000039,23,1,B
23000039,24,1,B
23000039,10,2,F
23000039,11,3,A
23000039,29,3,A
23000039,20,3,B
23000039,36,4,B
23000039,30,4,A
23000039,43,4,B
22000045,35,1,B
22000045,27,1,B
22000045,36,1,A
22000045,31,1,C
22000045,44,2,A
22000045,37,2,B
22000045,33,2,B
22000045,19,2,C
22000045,13,3,B
22000045,28,3,A
22000045,23,3,C
22000045,9,3,C
22000045,50,4,F
22000045,39,4,B
22000045,40,4,C
22000045,48,4,F
22000045,47,5,F
22000045,46,5,A
22000045,18,5,B
22000045,5,5,A
22000045,49,6,B
22000045,38,6,F
24000050,4,1,B
24000050,48,1,A
24000050,12,1,B
24000050,36,1,B
24000050,37,2,C
24000050,39,2,B
24000050,21,2,A
24000050,33,2,C
22000046,10,1,C
22000046,25,1,F
22000046,30,1,A
22000046,5,2,A
22000046,36,2,C
22000046,44,2,A
22000046,12,2,D
22000046,17,3,C
22000046,32,3,F
22000046,27,3,B
22000046,40,3,B
22000046,33,4,B
22000046,3,4,C
22000046,34,4,A
22000046,24,4,A
22000046,41,5,A
22000046,37,5,C
22000046,43,5,A
22000046,18,5,B
22000046,21,6,A
22000046,35,6,A
22000046,31,6,C
22000046,19,6,A
21000053,14,1,C
21000053,6,1,C
21000053,3,1,A
21000053,9,1,A
21000053,5,2,B
21000053,8,2,B
21000053,16,2,C
21000053,19,2,D
21000053,12,3,C
21000053,15,3,C
21000053,47,3,B
21000053,46,3,C
21000053,13,4,D
21000053,7,4,B
21000053,26,4,B
21000053,21,4,C
21000053,27,5,B
21000053,36,5,C
21000053,43,5,C
21000053,50,6,A
21000053,22,6,C
21000053,34,6,A
21000053,18,6,B
21000053,42,7,A
21000053,24,7,C
21000053,4,7,C
21000053,29,8,D
21000053,20,8,A
21000053,40,8,F
21000053,23,8,A
22000047,50,1,A
22000047,28,1,F
22000047,10,1,C
22000047,38,1,D
22000047,35,2,B
22000047,22,2,B
22000047,23,2,C
22000047,26,2,D
22000047,24,3,C
22000047,41,3,C
22000047,45,3,A
22000047,3,3,A
22000047,30,4,B
22000047,34,4,B
22000047,4,4,A
22000047,46,4,B
22000047,37,5,F
22000047,49,5,A
22000047,1,5,A
22000047,42,5,A
22000047,48,6,C
22000047,9,6,C
22000047,7,6,D
22000048,21,1,B
22000048,34,1,A
22000048,27,1,B
22000048,48,1,B
22000048,1,2,A
22000048,24,3,F
22000048,50,3,C
22000048,15,3,B
22000048,46,3,C
22000048,22,4,A
22000048,9,4,D
22000048,7,4,C
22000048,2,4,F
22000048,40,5,C
22000048,30,5,A
22000048,26,5,C
22000048,36,5,B
22000048,23,6,C
22000048,3,6,B
24000051,50,1,A
24000051,6,1,F
24000051,33,1,C
24000051,32,1,C
24000051,31,2,A
24000051,2,2,B
24000051,35,2,A
24000051,42,2,B
23000040,2,1,C
23000040,15,1,B
23000040,7,1,B
23000040,38,1,B
23000040,35,1,D
23000040,30,2,B
23000040,27,2,A
23000040,29,3,A
23000040,47,3,A
23000040,46,3,B
23000040,14,3,A
23000040,34,3,A
23000040,50,4,A
23000040,23,4,A
23000040,10,4,C
23000040,6,4,B
21000054,42,1,A
21000054,10,1,B
21000054,39,1,B
21000054,34,1,A
21000054,25,2,C
21000054,32,2,B
21000054,23,2,A
21000054,15,2,A
21000054,37,3,B
21000054,36,3,B
21000054,30,3,B
21000054,35,3,A
21000054,46,4,B
21000054,44,4,C
21000054,28,4,A
21000054,3,4,A
21000054,50,5,B
21000054,40,5,A
21000054,29,5,B
21000054,33,5,B
21000054,27,6,C
21000054,8,6,C
21000054,45,6,B
21000054,5,7,A
21000054,18,7,C
21000054,43,7,C
21000054,38,8,B
21000054,13,8,B
21000054,26,8,F
23000041,10,1,C
23000041,15,1,B
23000041,24,1,A
23000041,26,1,C
23000041,46,1,D
23000041,5,2,B
23000041,48,2,B
23000041,42,2,C
23000041,30,2,C
23000041,43,2,B
23000041,19,3,A
23000041,28,3,A
23000041,50,3,D
23000041,22,3,B
23000041,36,3,D
23000041,21,4,B
23000041,23,4,C
23000042,45,1,C
23000042,43,1,C
23000042,38,1,D
23000042,13,1,B
23000042,28,1,A
23000042,26,2,B
23000042,30,2,B
23000042,14,2,B
23000042,5,2,A
23000042,23,3,C
23000042,16,3,B
23000042,47,3,A
23000042,49,4,A
23000042,21,4,C
23000042,8,4,C
23000042,50,4,B
23000042,40,4,C
24000052,5,1,C
24000052,39,1,B
24000052,3,1,B
24000052,13,1,B
24000052,47,2,C
24000052,18,2,B
24000052,36,2,F
24000052,38,2,B
23000043,22,1,B
23000043,44,1,C
23000043,2,1,C
23000043,7,2,C
23000043,26,2,B
23000043,48,2,C
23000043,12,3,B
23000043,41,3,A
23000043,34,3,C
23000043,25,4,A
23000043,23,4,F
23000043,36,4,B
24000053,37,1,B
24000053,35,1,C
24000053,33,1,B
24000053,49,1,B
24000053,4,2,D
24000053,12,2,A
24000053,11,2,F
24000053,3,2,A
24000053,39,2,A
21000055,9,1,C
21000055,24,1,C
21000055,32,1,B
21000055,11,1,B
21000055,15,2,C
21000055,45,2,A
21000055,29,2,C
21000055,26,3,D
21000055,46,3,D
21000055,13,3,C
21000055,28,3,A
21000055,50,4,A
21000055,16,4,A
21000055,1,4,B
21000055,21,4,B
21000055,10,5,B
21000055,18,5,A
21000055,5,5,C
21000055,36,5,A
21000055,41,6,B
21000055,19,6,D
21000055,38,6,A
21000055,25,6,F
21000055,42,7,B
21000055,23,7,F
21000055,31,7,A
21000055,47,8,A
21000055,12,8,A
21000055,33,8,F
21000055,14,8,B
22000049,17,1,A
22000049,40,1,B
22000049,16,1,B
22000049,28,1,B
22000049,48,1,A
22000049,4,2,C
22000049,6,2,D
22000049,24,2,B
22000049,30,2,D
22000049,43,2,D
22000049,15,3,A
22000049,12,3,C
22000049,36,3,B
22000049,1,3,A
22000049,49,3,B
22000049,25,4,B
22000049,39,4,B
22000049,9,4,C
22000049,27,4,B
22000049,46,4,A
22000049,45,6,B
22000049,41,6,F
24000054,8,1,D
24000054,5,1,A
24000054,14,1,F
24000054,28,1,C
24000054,17,1,A
24000054,16,2,A
24000054,4,2,A
24000054,41,2,C
24000054,47,2,B
23000044,10,1,B
23000044,42,1,F
23000044,9,1,A
23000044,5,1,C
23000044,14,1,B
23000044,34,2,B
23000044,39,2,C
23000044,45,2,C
23000044,37,2,B
23000044,50,2,A
23000044,49,3,B
23000044,35,3,B
23000044,17,3,B
23000044,22,3,B
23000044,7,4,A
23000044,21,4,B
23000044,8,4,B
23000044,20,4,D
23000044,19,4,A
24000055,32,1,B
24000055,36,1,B
24000055,5,1,B
24000055,21,1,B
24000055,9,2,F
24000055,16,2,B
24000055,27,2,C
24000055,33,2,A
23000045,18,1,B
23000045,14,1,C
23000045,24,1,A
23000045,16,1,C
23000045,37,2,F
23000045,19,2,F
23000045,40,2,C
23000045,50,2,B
23000045,8,3,A
23000045,34,3,D
23000045,17,3,A
23000045,21,3,B
23000045,20,4,C
23000045,5,4,F
23000045,3,4,A
23000045,27,4,C
21000056,23,1,C
21000056,40,1,B
21000056,43,1,A
21000056,11,2,B
21000056,10,2,C
21000056,6,2,B
21000056,49,2,B
21000056,8,3,B
21000056,33,3,C
21000056,26,3,B
21000056,46,3,F
21000056,47,4,C
21000056,12,4,A
21000056,48,4,A
21000056,13,4,F
21000056,34,5,C
21000056,35,5,C
21000056,2,5,B
21000056,17,6,A
21000056,29,6,B
21000056,31,6,A
21000056,5,6,A
21000056,19,7,F
21000056,16,7,C
21000056,25,7,B
21000056,50,7,A
21000056,14,8,A
21000056,21,8,B
21000056,30,8,C
21000056,9,8,A
22000050,46,1,A
22000050,24,1,B
22000050,47,1,D
22000050,28,2,A
22000050,38,2,A
22000050,49,2,A
22000050,30,3,B
22000050,43,3,A
22000050,11,3,B
22000050,1,4,C
22000050,7,4,A
22000050,16,4,C
22000050,31,5,B
22000050,29,5,C
22000050,33,5,D
22000050,36,6,A
22000050,15,6,A
22000050,50,6,A
22000051,39,1,F
22000051,31,1,A
22000051,35,1,B
22000051,33,2,F
22000051,20,2,C
22000051,9,2,A
22000051,29,2,B
22000051,21,2,C
22000051,25,3,A
22000051,47,3,C
22000051,18,3,B
22000051,5,3,C
22000051,11,3,C
22000051,7,4,A
22000051,42,4,A
22000051,36,4,B
22000051,1,4,A
22000051,19,4,C
22000051,49,5,C
22000051,37,5,B
22000051,15,5,B
22000051,34,5,C
22000051,13,5,B
22000051,26,6,A
21000057,36,1,D
21000057,27,1,A
21000057,24,1,F
21000057,28,1,B
21000057,42,2,C
21000057,5,2,F
21000057,16,2,C
21000057,4,2,A
21000057,12,3,D
21000057,33,3,C
21000057,45,3,F
21000057,49,3,B
21000057,11,4,D
21000057,41,4,D
21000057,17,4,B
21000057,18,4,A
21000057,34,5,A
21000057,43,5,C
21000057,35,5,B
21000057,40,5,C
21000057,13,6,C
21000057,46,6,C
21000057,47,6,B
21000057,39,6,A
21000057,14,7,A
21000057,37,7,C
21000057,48,7,A
21000057,19,8,B
21000057,22,8,B
21000057,50,8,C
21000057,8,8,A
21000058,1,1,A
21000058,10,1,A
21000058,32,1,B
21000058,23,1,A
21000058,38,2,B
21000058,4,2,A
21000058,45,2,A
21000058,41,2,A
21000058,44,3,F
21000058,15,3,C
21000058,42,3,C
21000058,29,3,F
21000058,31,4,C
21000058,25,4,C
21000058,16,4,A
21000058,8,4,D
21000058,50,5,A
21000058,9,5,C
21000058,37,5,D
21000058,43,5,B
21000058,7,6,F
21000058,27,6,D
21000058,19,6,C
21000058,21,6,A
21000058,46,7,B
21000058,39,7,F
21000058,3,7,B
21000058,20,7,F
21000058,17,8,A
21000058,22,8,B
21000058,24,8,D
21000059,16,1,C
21000059,14,1,B
21000059,19,1,A
21000059,38,1,A
21000059,39,2,C
21000059,29,2,B
21000059,33,2,B
21000059,31,2,A
21000059,41,3,F
21000059,4,3,A
21000059,26,3,B
21000059,32,3,B
21000059,42,4,F
21000059,30,4,B
21000059,40,4,A
21000059,22,4,B
21000059,10,5,A
21000059,1,5,C
21000059,15,5,A
21000059,8,5,B
21000059,46,6,D
21000059,6,6,C
21000059,44,6,A
21000059,25,6,A
21000059,45,7,B
21000059,21,8,A
21000059,20,8,B
21000059,23,8,D
24000056,1,1,A
24000056,11,1,C
24000056,40,1,F
24000056,46,1,C
24000056,47,2,A
24000056,41,2,C
24000056,48,2,D
24000056,30,2,B
21000060,11,1,B
21000060,30,1,F
21000060,18,1,B
21000060,20,1,B
21000060,4,2,D
21000060,44,2,C
21000060,22,2,C
21000060,32,2,B
21000060,47,3,A
21000060,33,3,F
21000060,39,3,C
21000060,26,3,B
21000060,3,4,B
21000060,1,4,F
21000060,48,4,B
21000060,37,4,C
21000060,6,5,B
21000060,23,5,B
21000060,5,5,F
21000060,12,5,A
21000060,42,6,B
21000060,15,6,F
21000060,13,6,A
21000060,24,6,B
21000060,17,7,C
21000060,45,7,B
21000060,46,7,A
21000060,38,7,A
21000060,2,8,B
21000060,43,8,A
21000060,40,8,C
21000060,28,8,D
22000052,40,1,C
22000052,38,1,B
22000052,6,1,A
22000052,26,1,C
22000052,12,2,C
22000052,3,2,A
22000052,36,2,A
22000052,17,2,C
22000052,24,3,B
22000052,35,3,B
22000052,5,3,A
22000052,47,4,B
22000052,30,4,A
22000052,33,5,B
22000052,31,5,C
22000052,14,5,B
22000052,8,6,F
22000052,34,6,A
22000052,39,6,A
24000057,42,1,C
24000057,38,1,A
24000057,8,1,A
24000057,41,2,C
24000057,37,2,C
24000057,22,2,B
24000057,20,2,C
24000058,4,1,D
24000058,39,1,A
24000058,41,1,B
24000058,18,2,F
24000058,3,2,A
24000058,49,2,A
22000053,22,1,C
22000053,7,1,B
22000053,11,1,D
22000053,23,1,A
22000053,29,2,C
22000053,3,2,A
22000053,10,2,A
22000053,44,3,A
22000053,33,3,A
22000053,9,3,C
22000053,37,3,B
22000053,13,4,A
22000053,42,4,B
22000053,25,4,C
22000053,21,4,A
22000053,18,5,B
22000053,15,5,C
22000053,38,5,A
22000053,24,5,C
22000053,27,6,B
22000053,14,6,C
22000053,36,6,F
22000053,2,6,C
22000054,19,1,B
22000054,31,1,F
22000054,7,1,B
22000054,11,1,A
22000054,24,2,D
22000054,30,2,C
22000054,49,2,C
22000054,43,2,C
22000054,21,3,B
22000054,47,3,A
22000054,14,3,A
22000054,17,3,B
22000054,8,4,C
22000054,5,4,B
22000054,50,4,B
22000054,40,5,F
22000054,13,5,A
22000054,6,5,A
22000054,2,5,C
22000054,36,6,B
22000054,12,6,C
22000054,18,6,A
22000055,25,1,B
22000055,34,1,A
22000055,1,1,A
22000055,27,1,A
22000055,26,2,C
22000055,44,2,D
22000055,5,2,B
22000055,7,2,C
22000055,30,3,C
22000055,38,3,C
22000055,46,3,A
22000055,31,3,C
22000055,29,4,B
22000055,35,4,B
22000055,41,4,F
22000055,19,5,B
22000055,11,5,A
22000055,22,5,A
22000055,28,6,B
22000055,42,6,F
22000055,6,6,B
22000055,3,6,C
21000061,43,1,B
21000061,23,1,A
21000061,1,1,A
21000061,45,1,A
21000061,36,2,B
21000061,49,2,A
21000061,28,2,B
21000061,46,2,C
21000061,22,3,B
21000061,25,3,A
21000061,3,3,C
21000061,40,3,C
21000061,20,4,A
21000061,30,4,A
21000061,9,4,C
21000061,6,4,C
21000061,29,5,F
21000061,32,5,B
21000061,14,5,A
21000061,19,5,C
21000061,8,6,A
21000061,38,6,B
21000061,37,6,A
21000061,31,6,B
21000061,15,7,A
21000061,2,7,C
21000061,13,7,C
21000061,4,8,A
21000061,47,8,C
21000061,27,8,F
21000061,11,8,A
24000059,48,1,C
24000059,38,1,B
24000059,26,1,A
24000059,46,2,D
24000059,12,2,C
24000059,31,2,C
23000046,20,1,B
23000046,45,1,A
23000046,33,1,C
23000046,46,2,B
23000046,43,2,C
23000046,32,2,B
23000046,38,3,A
23000046,23,3,C
23000046,44,3,D
23000046,6,4,B
23000046,41,4,A
23000046,50,4,B
22000056,24,1,B
22000056,38,1,D
22000056,13,1,A
22000056,36,1,F
22000056,41,1,B
22000056,9,2,B
22000056,10,2,A
22000056,46,2,C
22000056,40,2,C
22000056,49,3,F
22000056,34,3,A
22000056,29,4,A
22000056,25,4,C
22000056,43,4,A
22000056,32,4,A
22000056,28,4,D
22000056,4,5,B
22000056,37,5,A
22000056,18,5,A
22000056,19,5,D
22000056,45,5,B
22000056,17,6,C
22000056,50,6,B
22000056,12,6,B
22000056,6,6,A
22000056,7,6,F
22000057,2,1,D
22000057,50,1,A
22000057,32,1,D
22000057,43,1,B
22000057,28,2,F
22000057,21,2,C
22000057,6,2,D
22000057,36,2,A
22000057,11,3,C
22000057,24,3,C
22000057,41,3,A
22000057,30,4,B
22000057,33,4,B
22000057,35,4,D
22000057,29,4,B
22000057,10,5,A
22000057,31,5,B
22000057,15,5,A
22000057,17,5,F
22000057,23,6,A
22000057,40,6,B
22000057,34,6,C
22000057,38,6,A
22000058,17,1,B
22000058,41,1,B
22000058,38,1,C
22000058,34,1,D
22000058,26,2,B
22000058,42,2,A
22000058,1,2,B
22000058,10,3,A
22000058,50,3,C
22000058,47,3,F
22000058,45,3,A
22000058,4,4,A
22000058,28,4,C
22000058,14,4,A
22000058,33,4,B
22000058,12,5,A
22000058,23,5,C
22000058,11,5,D
22000058,46,5,C
22000058,30,6,A
22000058,16,6,B
22000058,6,6,C
22000058,20,6,D
22000059,32,1,B
22000059,20,1,C
22000059,45,1,B
22000059,41,1,B
22000059,24,2,C
22000059,12,2,D
22000059,23,2,A
22000059,29,2,D
22000059,21,3,B
22000059,38,3,A
22000059,1,3,B
22000059,46,3,A
22000059,19,4,F
22000059,25,4,B
22000059,15,4,C
22000059,11,4,C
22000059,9,5,A
22000059,3,5,D
22000059,28,5,C
22000059,26,5,A
22000059,36,6,F
22000059,30,6,C
22000059,42,6,D
23000047,14,1,A
23000047,28,1,B
23000047,50,2,C
23000047,38,2,B
23000047,11,2,A
23000047,47,2,B
23000047,10,3,A
23000047,25,3,C
23000047,26,3,A
23000047,6,4,F
23000047,39,4,A
23000047,30,4,A
23000047,29,4,B
22000060,25,1,F
22000060,17,1,C
22000060,1,1,F
22000060,45,1,A
22000060,4,2,C
22000060,41,2,A
22000060,14,2,B
22000060,32,2,A
22000060,37,3,C
22000060,33,3,A
22000060,10,3,A
22000060,44,3,B
22000060,47,4,B
22000060,49,4,B
22000060,15,4,A
22000060,40,4,C
22000060,11,5,C
22000060,31,5,B
22000060,50,5,A
22000060,13,5,B
22000060,28,6,C
22000060,24,6,F
22000060,46,6,C
22000061,9,1,F
22000061,44,1,A
22000061,8,1,D
22000061,42,1,B
22000061,30,2,A
22000061,43,2,D
22000061,34,2,B
22000061,20,2,F
22000061,3,3,A
22000061,13,3,A
22000061,21,3,C
22000061,23,3,B
22000061,48,4,D
22000061,6,4,B
22000061,36,4,C
22000061,18,4,A
22000061,32,5,F
22000061,28,5,B
22000061,24,6,A
22000061,17,6,A
22000061,33,6,B
22000061,38,6,B
23000048,11,1,B
23000048,8,1,A
23000048,9,1,D
23000048,30,1,A
23000048,38,1,F
23000048,1,2,C
23000048,31,2,B
23000048,49,2,B
23000048,45,2,C
23000048,39,2,B
23000048,47,3,B
23000048,43,3,C
23000048,4,3,D
23000048,26,3,B
23000048,35,3,A
23000048,28,4,A
23000048,12,4,C
23000048,37,4,A
23000048,17,4,A
23000048,29,4,B
21000062,13,1,F
21000062,35,1,C
21000062,9,1,A
21000062,24,1,B
21000062,28,2,B
21000062,2,2,A
21000062,42,2,F
21000062,48,3,C
21000062,29,3,A
21000062,8,3,F
21000062,11,3,C
21000062,16,4,C
21000062,32,4,C
21000062,43,4,A
21000062,7,4,A
21000062,12,5,A
21000062,46,5,A
21000062,14,6,A
21000062,50,6,A
21000062,20,6,A
21000062,33,6,B
21000062,18,7,A
21000062,36,7,A
21000062,22,8,A
21000062,27,8,A
21000062,21,8,B
21000062,49,8,A
21000063,8,1,B
21000063,3,1,F
21000063,50,1,B
21000063,36,1,B
21000063,34,2,A
21000063,48,2,B
21000063,25,2,B
21000063,42,2,A
21000063,5,3,C
21000063,23,3,F
21000063,13,3,B
21000063,32,3,C
21000063,37,4,B
21000063,10,4,A
21000063,44,4,F
21000063,1,4,F
21000063,40,5,B
21000063,12,5,A
21000063,18,5,B
21000063,17,5,D
21000063,28,6,B
21000063,47,6,C
21000063,27,6,C
21000063,38,6,D
21000063,22,7,A
21000063,46,7,B
21000063,33,8,A
21000063,7,8,B
21000063,35,8,C
21000063,2,8,B
21000064,13,1,A
21000064,27,1,A
21000064,3,1,C
21000064,36,1,C
21000064,35,2,A
21000064,46,2,F
21000064,38,2,A
21000064,12,2,A
21000064,48,3,B
21000064,25,3,B
21000064,21,3,C
21000064,17,3,A
21000064,33,4,B
21000064,45,4,A
21000064,18,4,A
21000064,5,4,B
21000064,23,5,F
21000064,7,5,D
21000064,19,6,B
21000064,26,6,A
21000064,50,6,D
21000064,24,6,B
21000064,40,7,A
21000064,42,7,A
21000064,11,7,A
21000064,31,7,F
21000064,28,8,D
21000064,9,8,A
21000064,29,8,C
22000062,37,1,B
22000062,38,1,F
22000062,1,1,C
22000062,40,1,B
22000062,12,2,C
22000062,42,2,F
22000062,41,2,B
22000062,31,2,D
22000062,29,3,A
22000062,17,3,B
22000062,8,3,A
22000062,47,3,A
22000062,49,4,B
22000062,15,4,D
22000062,9,4,F
22000062,19,4,A
22000062,27,5,F
22000062,5,5,C
22000062,16,5,A
22000062,7,5,B
23000049,28,1,D
23000049,48,1,B
23000049,15,1,B
23000049,46,1,C
23000049,36,2,C
23000049,3,2,A
23000049,35,2,A
23000049,38,2,B
23000049,37,3,B
23000049,2,3,A
23000049,9,3,C
23000049,50,3,C
23000049,4,4,A
23000049,5,4,B
23000049,45,4,B
23000049,11,4,A
23000050,31,1,A
23000050,46,1,A
23000050,30,1,F
23000050,45,2,D
23000050,41,2,B
23000050,14,2,C
23000050,11,3,D
23000050,10,3,B
23000050,38,3,B
23000050,1,4,C
23000050,24,4,A
23000050,2,4,A
22000063,26,1,A
22000063,10,1,F
22000063,16,1,A
22000063,19,2,C
22000063,8,2,C
22000063,38,2,B
22000063,2,2,D
22000063,22,2,C
22000063,42,3,B
22000063,23,3,C
22000063,28,3,A
22000063,1,3,B
22000063,36,3,B
22000063,49,4,D
22000063,29,4,A
22000063,31,4,A
22000063,3,4,A
22000063,15,4,D
22000063,5,5,A
22000063,17,5,A
22000063,37,6,A
22000063,21,6,B
22000063,40,6,D
22000063,14,6,B
22000064,24,1,B
22000064,26,1,B
22000064,42,1,F
22000064,46,2,B
22000064,4,2,C
22000064,41,2,A
22000064,8,3,A
22000064,30,3,C
22000064,39,3,B
22000064,20,4,D
22000064,13,4,C
22000064,25,4,C
22000064,12,5,A
22000064,50,5,C
22000064,15,5,C
22000064,48,6,A
22000064,38,6,B
22000064,45,6,C
24000060,9,1,A
24000060,7,1,B
24000060,42,1,B
24000060,13,1,B
24000060,12,2,B
24000060,3,2,D
24000060,37,2,A
24000060,28,2,A
22000065,40,1,A
22000065,27,1,A
22000065,33,1,D
22000065,13,1,C
22000065,36,1,D
22000065,50,2,B
22000065,41,2,B
22000065,39,2,B
22000065,25,3,C
22000065,37,3,A
22000065,26,3,B
22000065,8,3,A
22000065,3,3,C
22000065,20,4,F
22000065,38,4,B
22000065,16,4,A
22000065,42,4,B
22000065,28,4,C
22000065,45,5,D
22000065,34,5,B
22000065,18,5,C
22000065,44,5,A
22000065,7,5,C
22000065,46,6,A
22000066,41,1,C
22000066,35,1,A
22000066,1,1,D
22000066,26,1,A
22000066,36,2,A
22000066,24,2,A
22000066,19,2,A
22000066,7,2,A
22000066,31,3,C
22000066,5,3,C
22000066,50,3,A
22000066,21,3,C
22000066,47,4,C
22000066,23,4,A
22000066,15,4,A
22000066,27,4,C
22000066,29,5,B
22000066,40,5,A
22000066,18,5,A
22000066,30,5,A
22000066,13,6,A
22000066,14,6,C
22000066,17,6,C
22000066,8,6,C
23000051,38,1,F
23000051,11,1,A
23000051,7,1,D
23000051,20,1,A
23000051,6,2,B
23000051,24,2,A
23000051,42,3,D
23000051,29,3,F
23000051,45,3,F
23000051,21,3,B
23000051,47,4,A
23000051,26,4,B
23000051,44,4,C
23000051,48,4,A
24000061,9,1,B
24000061,31,1,A
24000061,29,1,B
24000061,22,1,A
24000061,26,2,A
24000061,1,2,A
24000061,2,2,B
24000061,44,2,D
24000062,1,1,B
24000062,2,1,F
24000062,33,1,A
24000062,23,1,A
24000062,50,1,B
24000062,27,2,C
24000062,36,2,B
24000062,42,2,C
24000062,30,2,B
24000062,35,2,F
22000067,11,1,A
22000067,46,1,B
22000067,43,1,B
22000067,31,2,A
22000067,17,2,A
22000067,14,2,A
22000067,18,2,F
22000067,25,3,A
22000067,6,3,A
22000067,41,3,A
22000067,20,3,C
22000067,47,4,C
22000067,34,4,B
22000067,12,4,A
22000067,44,4,B
22000067,32,5,A
22000067,5,5,A
22000067,16,5,B
22000067,40,5,A
22000067,33,6,F
22000067,1,6,B
22000067,9,6,B
22000067,49,6,A
23000052,21,1,D
23000052,10,1,A
23000052,6,1,A
23000052,45,1,D
23000052,16,2,B
23000052,48,2,C
23000052,26,2,A
23000052,49,2,F
23000052,11,3,B
23000052,47,3,A
23000052,34,3,B
23000052,8,3,C
23000052,44,4,A
23000052,4,4,A
23000052,22,4,B
23000052,13,4,B
23000053,18,1,A
23000053,26,1,F
23000053,29,1,F
23000053,31,2,A
23000053,47,2,F
23000053,33,2,B
23000053,43,3,B
23000053,19,3,F
23000053,30,3,A
23000053,42,4,C
23000053,16,4,C
23000053,7,4,A
23000054,20,1,C
23000054,48,1,C
23000054,26,1,A
23000054,42,2,C
23000054,31,2,C
23000054,22,2,B
23000054,32,3,B
23000054,34,3,B
23000054,16,3,B
23000054,18,4,B
23000054,27,4,A
23000054,15,4,C
24000063,33,1,A
24000063,2,1,A
24000063,47,1,B
24000063,38,2,C
24000063,22,2,A
24000063,15,2,A
22000068,3,1,A
22000068,37,1,A
22000068,34,1,C
22000068,48,1,F
22000068,4,2,B
22000068,22,2,C
22000068,16,2,A
22000068,43,2,C
22000068,50,3,A
22000068,39,3,A
22000068,40,3,C
22000068,24,3,C
22000068,13,4,C
22000068,9,4,A
22000068,26,4,C
22000068,18,4,B
22000068,41,5,A
22000068,2,5,A
22000068,15,5,D
22000068,28,5,B
22000068,23,6,F
22000068,29,6,A
21000065,2,1,B
21000065,11,1,D
21000065,35,1,B
21000065,4,2,B
21000065,48,2,B
21000065,34,2,B
21000065,15,3,A
21000065,13,3,B
21000065,32,3,D
21000065,5,4,A
21000065,27,4,C
21000065,49,4,B
21000065,38,5,A
21000065,50,5,C
21000065,18,5,B
21000065,36,6,A
21000065,22,6,C
21000065,30,6,C
21000065,17,7,C
21000065,3,7,B
21000065,46,7,B
21000065,28,8,C
21000065,9,8,B
21000065,26,8,B
23000055,37,1,B
23000055,29,1,F
23000055,5,1,C
23000055,3,2,B
23000055,44,2,F
23000055,18,2,B
23000055,9,2,A
23000055,17,3,A
23000055,22,3,C
23000055,46,3,B
23000055,1,3,C
23000055,26,4,A
23000055,41,4,D
21000066,28,1,B
21000066,21,1,A
21000066,5,1,B
21000066,17,1,B
21000066,40,1,B
21000066,26,2,C
21000066,48,2,A
21000066,31,2,C
21000066,25,3,B
21000066,43,3,D
21000066,41,3,A
21000066,29,3,A
21000066,47,3,B
21000066,49,4,A
21000066,10,4,B
21000066,16,4,B
21000066,44,5,D
21000066,8,5,B
21000066,32,5,D
21000066,14,5,A
21000066,20,5,C
21000066,18,6,B
21000066,12,6,F
21000066,33,6,B
21000066,7,6,B
21000066,42,6,B
21000066,50,7,C
21000066,34,7,A
21000066,39,7,B
21000066,27,7,A
21000066,45,8,B
21000066,9,8,C
21000066,30,8,A
22000069,13,1,C
22000069,19,1,B
22000069,44,1,B
22000069,25,1,B
22000069,21,2,D
22000069,7,2,C
22000069,15,2,D
22000069,35,2,B
22000069,42,3,A
22000069,1,3,A
22000069,28,4,F
22000069,36,4,B
22000069,12,5,A
22000069,17,5,C
22000069,33,5,A
22000069,27,5,C
22000069,20,6,A
22000069,47,6,A
22000069,26,6,A
21000067,42,1,C
21000067,11,1,B
21000067,17,1,A
21000067,8,1,C
21000067,27,1,C
21000067,46,2,B
21000067,43,2,C
21000067,30,2,B
21000067,47,2,B
21000067,49,2,A
21000067,37,3,B
21000067,31,4,C
21000067,13,4,B
21000067,16,4,C
21000067,5,5,A
21000067,26,5,A
21000067,24,5,C
21000067,38,5,D
21000067,28,5,B
21000067,25,6,A
21000067,14,6,F
21000067,1,6,C
21000067,34,6,B
21000067,18,7,F
21000067,44,7,B
21000067,45,8,B
21000067,48,8,C
21000067,12,8,B
21000067,39,8,B
21000068,39,1,C
21000068,17,1,B
21000068,37,1,B
21000068,44,2,A
21000068,11,2,A
21000068,47,2,C
21000068,41,3,A
21000068,3,3,B
21000068,45,3,A
21000068,22,4,C
21000068,2,4,A
21000068,6,4,A
21000068,20,5,B
21000068,26,5,C
21000068,43,5,B
21000068,23,6,A
21000068,5,6,B
21000068,15,6,B
21000068,42,7,A
21000068,9,7,A
21000068,49,7,A
21000068,48,8,C
21000068,50,8,B
21000068,10,8,B
22000070,15,1,B
22000070,29,1,C
22000070,11,1,A
22000070,10,1,A
22000070,47,1,A
22000070,44,2,A
22000070,17,2,C
22000070,49,2,C
22000070,12,2,A
22000070,35,3,D
22000070,45,3,F
22000070,7,3,B
22000070,23,4,A
22000070,1,4,D
22000070,46,4,A
22000070,37,4,B
22000070,8,4,D
22000070,6,5,D
22000070,21,5,B
22000070,5,5,B
22000070,9,5,C
22000070,43,5,A
22000070,33,6,F
22000070,25,6,C
22000070,34,6,A
23000056,6,1,A
23000056,45,1,C
23000056,20,1,F
23000056,48,1,B
23000056,16,2,D
23000056,37,2,F
23000056,41,2,F
23000056,11,3,A
23000056,10,3,D
23000056,40,3,A
23000056,29,3,A
23000056,35,3,C
23000056,44,4,B
23000056,25,4,B
23000056,24,4,B
23000056,14,4,C
23000056,9,4,A
21000069,48,1,B
21000069,28,1,A
21000069,35,1,A
21000069,43,1,F
21000069,32,2,B
21000069,12,2,A
21000069,22,2,C
21000069,27,2,B
21000069,23,3,B
21000069,31,3,F
21000069,19,3,A
21000069,6,3,B
21000069,29,4,C
21000069,5,4,F
21000069,34,4,D
21000069,46,4,F
21000069,50,5,B
21000069,41,5,C
21000069,15,5,C
21000069,40,5,A
21000069,2,6,F
21000069,8,6,B
21000069,33,6,C
21000069,26,7,B
21000069,9,7,F
21000069,20,7,C
21000069,21,7,C
21000069,13,8,A
21000069,14,8,B
21000069,30,8,A
21000069,25,8,F
24000064,41,1,B
24000064,43,1,C
24000064,11,1,A
24000064,2,1,D
24000064,28,1,D
24000064,35,2,B
24000064,20,2,D
24000064,32,2,B
24000064,49,2,F
24000064,50,2,A
24000065,22,1,A
24000065,19,1,D
24000065,27,1,A
24000065,47,1,A
24000065,4,2,D
24000065,42,2,D
24000065,44,2,C
24000065,33,2,D
24000066,47,1,C
24000066,16,1,B
24000066,12,1,A
24000066,14,1,D
24000066,44,2,D
24000066,49,2,F
24000066,43,2,B
24000066,30,2,B
24000067,20,1,D
24000067,48,1,C
24000067,10,1,D
24000067,34,1,D
24000067,15,2,D
24000067,25,2,C
24000067,2,2,B
24000067,5,2,B
24000068,5,1,C
24000068,39,1,C
24000068,43,1,C
24000068,2,1,B
24000068,42,1,A
24000068,28,2,A
24000068,6,2,C
24000068,41,2,C
24000068,8,2,C
24000069,34,1,A
24000069,8,1,B
24000069,46,1,C
24000069,28,1,B
24000069,27,2,A
24000069,17,2,A
24000069,5,2,B
24000069,10,2,F
24000070,8,1,D
24000070,41,1,C
24000070,44,1,D
24000070,30,2,C
24000070,25,2,C
24000070,18,2,B
23000057,45,1,B
23000057,47,1,C
23000057,30,1,A
23000057,8,1,C
23000057,34,2,D
23000057,5,2,C
23000057,17,2,A
23000057,24,2,B
23000057,49,3,A
23000057,7,3,D
23000057,29,3,F
23000057,4,3,D
23000057,32,4,A
23000057,26,4,F
23000057,1,4,F
23000057,21,4,C
23000058,36,1,C
23000058,39,1,D
23000058,37,1,F
23000058,42,1,A
23000058,44,2,C
23000058,10,2,A
23000058,19,2,B
23000058,25,2,B
23000058,35,3,A
23000058,21,3,A
23000058,45,3,B
23000058,30,3,F
23000058,41,4,A
23000058,33,4,C
23000058,18,4,B
22000071,49,1,D
22000071,31,1,B
22000071,34,1,C
22000071,15,2,A
22000071,10,2,C
22000071,14,2,A
22000071,11,3,D
22000071,8,3,C
22000071,27,3,A
22000071,50,4,B
22000071,40,4,A
22000071,20,4,D
22000071,2,5,B
22000071,41,5,F
22000071,32,5,A
22000071,48,6,C
22000071,26,6,B
24000071,37,1,B
24000071,42,1,A
24000071,6,1,B
24000071,47,1,A
24000071,24,2,C
24000071,11,2,D
24000071,13,2,B
24000071,10,2,C
24000072,43,1,B
24000072,17,1,A
24000072,42,1,A
24000072,9,1,B
24000072,18,2,C
24000072,46,2,C
24000072,13,2,C
24000072,40,2,C
24000073,17,1,C
24000073,11,1,A
24000073,40,2,A
24000073,5,2,A
24000073,31,2,B
24000074,17,1,A
24000074,37,1,D
24000074,41,1,F
24000074,11,1,F
24000074,43,1,F
24000074,13,2,C
24000074,12,2,C
24000074,28,2,A
24000074,39,2,A
24000074,48,2,C
22000072,7,1,B
22000072,6,1,B
22000072,50,1,B
22000072,29,1,F
22000072,12,2,B
22000072,11,2,C
22000072,10,2,A
22000072,21,2,B
22000072,49,2,F
22000072,28,3,D
22000072,38,3,A
22000072,47,3,A
22000072,3,3,B
22000072,8,3,A
22000072,39,4,A
22000072,20,4,A
22000072,34,4,A
22000072,36,4,D
22000072,24,4,C
22000072,48,5,C
22000072,14,5,F
22000072,22,5,A
22000072,26,5,D
22000072,9,5,B
22000072,43,6,C
22000072,25,6,A
22000072,30,6,A
22000072,45,6,D
21000070,38,1,B
21000070,13,1,F
21000070,26,1,C
21000070,8,1,A
21000070,42,2,D
21000070,29,2,C
21000070,3,2,C
21000070,46,2,A
21000070,19,3,A
21000070,1,3,A
21000070,27,3,A
21000070,30,3,A
21000070,43,4,C
21000070,45,4,B
21000070,24,5,F
21000070,31,5,F
21000070,15,5,A
21000070,33,6,B
21000070,50,6,C
21000070,11,6,B
21000070,47,6,B
21000070,18,7,C
21000070,20,7,D
21000070,32,7,A
21000070,28,7,A
21000071,38,1,D
21000071,2,1,A
21000071,26,1,A
21000071,43,1,B
21000071,49,2,A
21000071,50,2,D
21000071,24,3,B
21000071,9,3,B
21000071,45,3,F
21000071,1,4,B
21000071,31,4,B
21000071,18,4,B
21000071,40,5,A
21000071,5,5,C
21000071,46,5,C
21000071,36,5,D
21000071,28,6,A
21000071,8,6,C
21000071,13,6,C
21000071,20,6,B
21000071,32,7,B
21000071,15,7,F
21000071,34,7,C
21000071,23,7,A
21000071,29,8,A
23000059,21,1,D
23000059,19,1,C
23000059,24,1,B
23000059,8,1,F
23000059,43,1,C
23000059,13,2,A
23000059,42,2,F
23000059,36,3,C
23000059,48,3,F
23000059,47,3,B
23000059,49,3,C
23000059,28,3,C
23000059,9,4,F
23000059,12,4,B
23000059,40,4,A
23000059,3,4,A
21000072,45,1,C
21000072,10,1,B
21000072,11,1,A
21000072,50,1,A
21000072,13,2,F
21000072,32,2,B
21000072,28,2,B
21000072,42,2,A
21000072,23,3,F
21000072,19,3,D
21000072,30,3,A
21000072,29,4,D
21000072,46,4,A
21000072,33,4,C
21000072,41,4,A
21000072,27,5,C
21000072,39,5,C
21000072,7,6,A
21000072,25,6,B
21000072,34,7,B
21000072,48,7,C
21000072,44,7,A
21000072,37,8,C
21000072,26,8,A
21000072,1,8,B
21000072,38,8,C
24000075,20,1,B
24000075,8,1,B
24000075,24,1,D
24000075,38,1,B
24000075,32,2,B
24000075,43,2,B
23000060,20,1,C
23000060,39,1,C
23000060,33,1,C
23000060,36,1,B
23000060,47,2,B
23000060,32,2,A
23000060,41,2,B
23000060,17,2,B
23000060,29,3,A
23000060,35,3,C
23000060,18,3,A
23000060,25,3,B
23000060,28,4,C
23000060,49,4,B
23000060,42,4,A
21000073,28,1,B
21000073,11,1,D
21000073,1,1,B
21000073,40,2,A
21000073,9,2,A
21000073,3,2,D
21000073,29,3,D
21000073,38,3,B
21000073,6,3,A
21000073,12,4,A
21000073,20,4,A
21000073,33,4,A
21000073,26,5,A
21000073,13,5,B
21000073,42,5,A
21000073,32,6,C
21000073,43,6,B
21000073,36,6,A
21000073,17,7,A
21000073,47,7,A
21000073,27,7,B
21000073,30,8,A
21000073,35,8,B
21000073,21,8,A
22000073,27,1,A
22000073,24,1,B
22000073,32,1,A
22000073,3,1,D
22000073,41,2,B
22000073,2,2,C
22000073,29,2,B
22000073,42,3,C
22000073,38,3,C
22000073,34,3,A
22000073,33,3,F
22000073,26,4,D
22000073,5,4,A
22000073,11,4,A
22000073,47,4,C
22000073,45,5,B
22000073,20,5,D
22000073,21,6,A
22000073,1,6,B
24000076,7,1,A
24000076,3,1,A
24000076,35,1,A
24000076,22,2,B
24000076,39,2,C
24000076,18,2,D
23000061,34,1,F
23000061,38,1,C
23000061,7,1,B
23000061,2,1,C
23000061,19,2,F
23000061,22,2,B
23000061,16,2,C
23000061,44,2,C
23000061,20,3,B
23000061,26,3,A
23000061,29,3,A
23000061,17,3,A
23000061,43,4,A
23000061,48,4,A
23000061,45,4,F
23000061,9,4,D
23000062,5,1,A
23000062,40,1,C
23000062,32,1,C
23000062,48,1,B
23000062,25,2,C
23000062,15,2,C
23000062,2,2,A
23000062,29,3,A
23000062,19,3,B
23000062,34,3,B
23000062,11,3,A
23000062,35,4,A
23000062,26,4,A
23000062,38,4,C
23000062,41,4,F
22000074,10,1,B
22000074,45,1,D
22000074,28,1,C
22000074,49,1,A
22000074,20,2,B
22000074,7,2,D
22000074,25,2,A
22000074,23,2,A
22000074,46,3,C
22000074,36,3,C
22000074,39,3,F
22000074,4,3,D
22000074,42,4,C
22000074,32,4,B
22000074,41,4,B
22000074,19,5,A
22000074,29,5,B
22000074,24,5,B
22000074,30,6,B
22000074,6,6,B
22000074,22,6,C
21000074,2,1,C
21000074,17,1,B
21000074,35,2,C
21000074,31,2,B
21000074,22,2,B
21000074,5,3,A
21000074,25,3,A
21000074,9,3,D
21000074,26,3,B
21000074,1,4,B
21000074,37,4,B
21000074,8,4,F
21000074,15,4,B
21000074,43,4,C
21000074,19,5,A
21000074,46,5,A
21000074,30,5,A
21000074,21,5,A
21000074,13,5,A
21000074,7,6,A
21000074,39,6,D
21000074,20,6,A
21000074,3,6,B
21000074,33,7,C
21000074,24,7,B
21000074,6,7,A
21000074,23,7,A
21000074,27,8,C
21000074,38,8,F
21000074,29,8,C
21000075,45,1,C
21000075,1,1,C
21000075,31,1,C
21000075,11,1,C
21000075,35,1,D
21000075,4,2,C
21000075,15,2,B
21000075,38,2,C
21000075,17,2,C
21000075,8,2,A
21000075,41,3,A
21000075,26,3,B
21000075,16,3,A
21000075,43,4,B
21000075,48,4,F
21000075,50,4,A
21000075,12,4,A
21000075,7,4,A
21000075,20,5,A
21000075,40,5,D
21000075,47,5,B
21000075,32,5,A
21000075,10,5,C
21000075,22,6,D
21000075,24,6,A
21000075,29,6,A
21000075,27,6,B
21000075,19,6,B
21000075,21,7,A
21000075,44,7,A
21000075,2,7,A
21000075,9,7,A
21000075,49,7,A
21000075,39,8,A
21000075,30,8,D
22000075,28,1,A
22000075,15,1,A
22000075,48,1,C
22000075,22,2,B
22000075,25,2,C
22000075,32,2,C
22000075,11,3,F
22000075,29,3,B
22000075,17,3,B
22000075,26,4,D
22000075,43,4,A
22000075,50,4,A
22000075,1,5,B
22000075,31,5,C
22000075,34,5,F
22000075,30,6,C
22000075,9,6,A
22000075,47,6,A
21000076,36,1,C
21000076,7,2,D
21000076,27,2,D
21000076,21,2,A
21000076,35,2,B
21000076,34,3,B
21000076,38,3,B
21000076,33,3,C
21000076,40,4,A
21000076,9,4,C
21000076,48,4,B
21000076,50,4,A
21000076,4,5,C
21000076,25,5,B
21000076,13,5,B
21000076,39,5,C
21000076,22,6,A
21000076,37,6,C
21000076,28,6,A
21000076,26,6,B
21000076,47,7,A
21000076,44,7,A
21000076,41,7,C
21000076,42,7,A
21000076,30,8,B
21000076,3,8,A
21000076,32,8,C
21000076,1,8,B
23000063,32,1,A
23000063,33,1,C
23000063,6,1,B
23000063,46,1,B
23000063,13,1,B
23000063,28,2,D
23000063,7,3,C
23000063,47,3,B
23000063,18,3,A
23000063,44,3,A
23000063,15,4,A
23000063,1,4,C
23000063,8,4,F
24000077,43,1,A
24000077,33,1,B
24000077,2,1,F
24000077,25,1,A
24000077,6,2,A
24000077,1,2,C
24000077,5,2,C
24000077,31,2,C
22000076,4,1,D
22000076,17,1,A
22000076,13,1,C
22000076,18,1,C
22000076,39,2,C
22000076,24,2,B
22000076,45,2,B
22000076,42,2,B
22000076,25,3,C
22000076,28,3,B
22000076,23,3,A
22000076,37,3,C
22000076,29,4,D
22000076,36,4,A
22000076,19,4,A
22000076,16,4,B
22000076,44,5,F
22000076,32,5,C
22000076,41,5,B
22000076,10,6,A
22000076,3,6,B
22000076,15,6,C
21000077,23,1,C
21000077,15,1,C
21000077,14,1,D
21000077,20,2,C
21000077,32,2,B
21000077,30,2,A
21000077,45,2,B
21000077,29,3,A
21000077,18,3,B
21000077,3,3,C
21000077,31,3,C
21000077,2,4,A
21000077,43,4,F
21000077,40,4,A
21000077,46,5,A
21000077,4,5,B
21000077,10,5,B
21000077,39,6,C
21000077,41,6,A
21000077,24,6,A
21000077,28,6,C
21000077,6,7,B
21000077,34,7,A
21000077,1,7,C
21000077,38,7,C
21000077,50,8,F
21000077,9,8,A
21000077,7,8,A
21000077,25,8,A
24000078,20,1,C
24000078,17,1,B
24000078,27,1,A
24000078,32,2,C
24000078,30,2,A
24000078,29,2,B
24000078,25,2,C
24000078,24,2,B
21000078,14,1,F
21000078,11,1,C
21000078,20,1,F
21000078,40,1,B
21000078,6,2,D
21000078,47,2,C
21000078,49,2,B
21000078,50,2,C
21000078,27,3,B
21000078,5,3,A
21000078,16,3,C
21000078,32,3,C
21000078,8,4,C
21000078,21,4,C
21000078,22,4,B
21000078,36,4,A
21000078,46,5,A
21000078,39,5,B
21000078,31,5,C
21000078,29,5,B
21000078,41,6,A
21000078,12,6,C
21000078,42,6,C
21000078,17,7,A
21000078,2,7,A
21000078,45,7,D
21000078,23,8,B
21000078,24,8,B
21000078,33,8,A
21000078,4,8,B
22000077,34,1,C
22000077,26,1,B
22000077,40,1,B
22000077,39,1,A
22000077,43,2,B
22000077,15,2,B
22000077,21,2,B
22000077,35,2,F
22000077,2,3,B
22000077,16,3,F
22000077,42,3,C
22000077,4,3,A
22000077,46,4,A
22000077,6,4,C
22000077,37,4,A
22000077,12,4,C
22000077,33,5,D
22000077,8,5,A
22000077,23,5,A
22000077,48,5,B
22000077,9,6,C
22000077,17,6,F
22000077,14,6,B
22000077,22,6,F
21000079,43,1,C
21000079,44,1,B
21000079,23,1,A
21000079,29,1,B
21000079,36,2,A
21000079,37,2,A
21000079,39,2,B
21000079,3,3,F
21000079,28,3,A
21000079,31,3,B
21000079,50,3,C
21000079,20,4,A
21000079,13,4,B
21000079,38,4,A
21000079,18,4,D
21000079,33,5,D
21000079,8,5,A
21000079,47,5,C
21000079,49,5,B
21000079,34,6,A
21000079,1,6,A
21000079,32,7,D
21000079,41,7,B
21000079,48,7,B
21000079,16,8,B
21000079,14,8,D
21000079,15,8,C
23000064,39,1,B
23000064,9,1,C
23000064,41,1,C
23000064,16,1,C
23000064,50,1,B
23000064,25,2,B
23000064,47,2,B
23000064,43,2,B
23000064,23,2,D
23000064,7,2,B
23000064,20,3,C
23000064,21,3,C
23000064,48,3,B
23000064,26,3,A
23000064,17,3,B
23000064,28,4,B
23000064,30,4,F
23000064,24,4,D
23000064,12,4,C
23000064,6,4,C
22000078,1,1,D
22000078,25,1,C
22000078,44,1,B
22000078,3,1,C
22000078,9,1,C
22000078,35,2,B
22000078,41,2,A
22000078,7,2,B
22000078,15,2,A
22000078,11,2,C
22000078,42,3,B
22000078,27,3,A
22000078,46,3,B
22000078,22,3,A
22000078,5,4,B
22000078,13,4,D
22000078,21,4,A
22000078,38,4,F
22000078,4,4,A
22000078,30,5,A
22000078,18,5,C
22000078,36,5,A
22000078,26,5,C
22000078,37,5,D
22000078,24,6,B
22000078,48,6,C
21000080,29,1,C
21000080,40,1,B
21000080,45,1,A
21000080,28,1,D
21000080,47,2,A
21000080,20,2,B
21000080,11,3,B
21000080,12,3,D
21000080,31,3,A
21000080,7,3,A
21000080,49,4,A
21000080,36,4,A
21000080,46,4,A
21000080,17,4,A
21000080,27,5,A
21000080,30,5,A
21000080,8,5,A
21000080,32,5,B
21000080,21,6,A
21000080,33,6,B
21000080,26,6,A
21000080,43,6,A
21000080,50,7,A
21000080,13,7,B
21000080,44,7,A
21000080,18,7,B
21000080,2,8,A
21000080,9,8,A
21000081,38,1,D
21000081,21,1,A
21000081,22,1,A
21000081,45,1,C
21000081,41,1,C
21000081,24,2,B
21000081,40,2,C
21000081,13,2,B
21000081,2,2,A
21000081,42,2,A
21000081,46,3,B
21000081,44,3,B
21000081,37,3,B
21000081,19,3,B
21000081,12,3,A
21000081,36,4,D
21000081,30,4,A
21000081,26,4,F
21000081,11,4,C
21000081,23,4,A
21000081,28,5,B
21000081,29,6,C
21000081,10,6,A
21000081,50,6,B
21000081,15,6,A
21000081,47,6,B
21000081,27,7,A
21000081,17,7,F
21000081,35,7,A
21000081,34,7,F
21000081,7,8,C
21000081,33,8,B
22000079,38,1,B
22000079,26,1,D
22000079,31,1,B
22000079,1,1,A
22000079,24,2,B
22000079,6,2,D
22000079,46,2,B
22000079,25,2,F
22000079,42,3,A
22000079,5,3,F
22000079,15,3,B
22000079,10,3,B
22000079,47,4,C
22000079,44,4,B
22000079,30,4,B
22000079,34,5,B
22000079,22,5,B
22000079,40,5,B
22000079,23,5,A
22000079,41,6,C
22000079,20,6,B
22000079,13,6,A
22000080,41,1,B
22000080,42,1,A
22000080,13,1,A
22000080,3,2,B
22000080,38,2,A
22000080,49,2,B
22000080,18,2,C
22000080,33,3,F
22000080,32,3,A
22000080,15,3,C
22000080,34,3,B
22000080,28,4,A
22000080,47,4,C
22000080,37,4,B
22000080,7,4,A
22000080,36,5,F
22000080,22,5,A
22000080,25,5,B
22000080,20,5,B
22000080,26,6,A
22000080,39,6,C
22000080,24,6,B
22000080,21,6,A
24000079,47,1,B
24000079,36,1,D
24000079,39,1,C
24000079,6,1,B
24000079,43,2,D
24000079,14,2,C
24000079,28,2,C
24000079,7,2,B
21000082,25,1,C
21000082,48,1,C
21000082,29,1,A
21000082,31,1,A
21000082,13,2,D
21000082,43,2,C
21000082,27,2,C
21000082,50,2,B
21000082,37,3,C
21000082,47,3,C
21000082,24,3,B
21000082,49,3,A
21000082,33,4,C
21000082,5,4,C
21000082,9,4,A
21000082,28,4,B
21000082,7,5,F
21000082,34,5,B
21000082,18,5,A
21000082,35,5,A
21000082,44,6,A
21000082,8,6,F
21000082,20,6,B
21000082,10,6,A
21000082,40,7,B
21000082,11,7,A
21000082,4,8,C
21000082,22,8,A
21000082,32,8,B
24000080,14,1,B
24000080,41,1,B
24000080,45,1,D
24000080,5,1,C
24000080,12,2,A
24000080,9,2,A
24000080,39,2,D
24000080,29,2,B
23000065,36,1,D
23000065,3,1,B
23000065,48,1,B
23000065,5,1,B
23000065,37,2,C
23000065,13,2,B
23000065,18,2,C
23000065,11,2,B
23000065,7,3,A
23000065,34,3,A
23000065,8,3,A
23000065,33,4,A
23000065,2,4,B
23000065,44,4,A
23000065,35,4,B
22000081,15,1,C
22000081,39,1,A
22000081,40,1,C
22000081,41,1,F
22000081,23,2,C
22000081,45,2,B
22000081,31,2,A
22000081,35,2,B
22000081,20,3,B
22000081,33,4,F
22000081,9,4,C
22000081,44,4,F
22000081,32,4,A
22000081,6,5,F
22000081,19,5,B
22000081,47,5,F
22000081,37,5,A
22000081,26,6,C
22000081,8,6,B
22000081,16,6,B
22000081,34,6,C
22000082,48,1,D
22000082,30,1,A
22000082,45,1,A
22000082,14,1,B
22000082,40,1,B
22000082,22,2,A
22000082,15,2,A
22000082,46,2,A
22000082,18,2,B
22000082,38,2,A
22000082,34,3,C
22000082,21,3,F
22000082,27,3,B
22000082,2,4,A
22000082,4,4,A
22000082,9,4,A
22000082,13,5,A
22000082,43,5,B
22000082,50,5,A
22000082,37,6,B
22000082,23,6,C
21000083,34,1,C
21000083,9,1,C
21000083,32,1,B
21000083,13,2,A
21000083,44,2,A
21000083,23,2,A
21000083,29,3,B
21000083,17,3,A
21000083,49,3,B
21000083,22,4,C
21000083,4,4,F
21000083,6,4,C
21000083,1,5,B
21000083,28,5,C
21000083,42,5,B
21000083,20,6,B
21000083,30,6,A
21000083,37,6,A
21000083,36,7,A
21000083,11,7,A
21000083,39,7,C
21000083,43,8,A
21000083,12,8,A
21000083,26,8,D
22000083,30,1,B
22000083,39,1,B
22000083,36,1,C
22000083,34,1,A
22000083,33,2,C
22000083,32,2,B
22000083,48,2,B
22000083,26,2,B
22000083,4,3,A
22000083,41,3,C
22000083,43,3,A
22000083,42,3,B
22000083,23,4,C
22000083,1,4,A
22000083,12,4,B
22000083,27,4,C
22000083,9,5,D
22000083,13,5,B
22000083,46,5,A
22000083,7,5,F
22000083,22,6,C
22000083,45,6,B
22000083,17,6,A
22000083,24,6,A
21000084,14,1,A
21000084,26,1,C
21000084,12,1,A
21000084,32,1,C
21000084,47,2,A
21000084,29,2,B
21000084,42,2,C
21000084,39,2,A
21000084,17,3,B
21000084,37,3,C
21000084,34,3,B
21000084,48,3,A
21000084,11,4,C
21000084,49,4,A
21000084,41,4,A
21000084,18,5,B
21000084,21,5,F
21000084,44,5,C
21000084,15,5,A
21000084,36,6,D
21000084,27,6,C
21000084,22,6,A
21000084,30,6,A
21000084,24,7,A
21000084,45,7,A
21000084,31,7,A
21000084,20,8,B
21000084,40,8,B
21000084,2,8,A
21000084,46,8,B
22000084,34,1,D
22000084,39,1,D
22000084,27,1,B
22000084,6,1,A
22000084,20,2,A
22000084,15,2,D
22000084,7,2,C
22000084,30,2,B
22000084,46,3,C
22000084,48,3,C
22000084,2,3,F
22000084,22,3,B
22000084,32,4,B
22000084,3,4,B
22000084,41,4,F
22000084,26,4,B
22000084,37,5,B
22000084,9,5,A
22000084,31,5,B
22000084,49,5,C
22000084,44,6,A
22000084,21,6,A
22000084,8,6,A
23000066,42,1,A
23000066,12,1,A
23000066,18,1,C
23000066,33,1,A
23000066,27,2,C
23000066,48,2,F
23000066,34,2,B
23000066,2,2,C
23000066,16,3,A
23000066,19,3,A
23000066,14,4,F
23000066,44,4,B
23000066,17,4,A
23000066,37,4,A
21000085,48,1,A
21000085,14,1,B
21000085,6,1,A
21000085,37,1,C
21000085,42,1,C
21000085,15,2,A
21000085,16,2,A
21000085,26,2,A
21000085,27,2,A
21000085,44,2,D
21000085,5,3,C
21000085,30,4,B
21000085,49,4,B
21000085,7,4,A
21000085,21,4,A
21000085,19,4,D
21000085,36,5,D
21000085,8,5,A
21000085,29,5,C
21000085,35,5,B
21000085,39,5,C
21000085,47,6,A
21000085,13,6,F
21000085,18,6,A
21000085,45,6,A
21000085,41,7,C
21000085,43,7,B
21000085,10,7,F
21000085,9,8,F
21000085,32,8,F
21000085,4,8,D
22000085,8,1,D
22000085,7,1,A
22000085,11,1,A
22000085,6,1,F
22000085,47,2,C
22000085,2,2,A
22000085,31,2,B
22000085,34,2,B
22000085,5,3,B
22000085,40,3,F
22000085,49,3,A
22000085,21,3,A
22000085,24,4,B
22000085,43,4,A
22000085,1,4,B
22000085,33,4,C
22000085,50,5,A
22000085,42,5,A
22000085,9,5,C
22000085,45,5,D
22000085,36,6,D
22000085,20,6,F
22000085,13,6,D
22000085,46,6,A
24000081,3,1,A
24000081,16,1,B
24000081,4,1,C
24000081,8,2,A
24000081,5,2,B
24000081,40,2,C
23000067,1,1,C
23000067,11,1,B
23000067,2,1,B
23000067,36,1,B
23000067,26,2,B
23000067,22,2,B
23000067,48,2,C
23000067,19,2,C
23000067,20,3,B
23000067,38,3,A
23000067,35,3,B
23000067,47,3,F
23000067,15,4,B
23000067,24,4,A
23000067,16,4,A
23000067,29,4,A
23000068,39,1,D
23000068,13,1,B
23000068,2,2,B
23000068,49,2,D
23000068,38,2,B
23000068,17,2,F
23000068,8,3,B
23000068,16,3,B
23000068,5,3,A
23000068,18,3,A
23000068,40,4,B
23000068,47,4,B
23000068,12,4,B
23000068,14,4,B
24000082,37,1,C
24000082,48,1,B
24000082,33,1,B
24000082,43,1,B
24000082,42,2,C
24000082,44,2,B
24000082,35,2,B
24000082,39,2,A
21000086,2,1,A
21000086,46,1,C
21000086,29,1,B
21000086,38,1,A
21000086,10,2,D
21000086,35,2,B
21000086,11,2,C
21000086,44,3,C
21000086,3,3,F
21000086,7,3,A
21000086,42,3,A
21000086,25,4,A
21000086,21,4,A
21000086,8,4,A
21000086,26,4,B
21000086,50,5,A
21000086,47,5,C
21000086,30,5,C
21000086,19,6,A
21000086,24,6,C
21000086,15,6,F
21000086,43,6,F
21000086,16,7,C
21000086,14,7,C
21000086,1,7,D
21000086,31,7,A
21000086,33,8,A
21000086,32,8,C
21000086,9,8,C
21000086,49,8,B
23000069,39,1,B
23000069,27,1,B
23000069,9,1,C
23000069,40,2,B
23000069,8,2,B
23000069,19,2,C
23000069,16,3,A
23000069,46,3,B
23000069,28,3,A
23000069,4,4,C
23000069,31,4,B
23000069,41,4,B
22000086,12,1,C
22000086,37,1,C
22000086,7,1,C
22000086,27,1,B
22000086,5,2,C
22000086,19,2,B
22000086,35,2,A
22000086,36,2,C
22000086,33,3,C
22000086,3,3,A
22000086,44,3,B
22000086,21,3,B
22000086,22,4,B
22000086,39,4,B
22000086,2,4,A
22000086,18,5,F
22000086,46,5,A
22000086,25,5,C
22000086,45,6,C
22000086,17,6,A
22000087,34,1,B
22000087,14,1,C
22000087,21,1,B
22000087,30,1,C
22000087,12,2,B
22000087,27,2,B
22000087,46,2,A
22000087,49,2,C
22000087,38,3,F
22000087,31,3,A
22000087,8,3,F
22000087,4,3,B
22000087,39,4,C
22000087,23,4,B
22000087,16,4,B
22000087,48,4,D
22000087,47,5,F
22000087,43,5,A
22000087,50,5,B
22000087,41,6,B
22000087,36,6,A
22000087,42,6,A
22000087,40,6,B
22000088,4,1,B
22000088,21,1,D
22000088,37,1,A
22000088,17,1,A
22000088,11,2,B
22000088,44,2,A
22000088,1,2,C
22000088,40,2,B
22000088,22,3,A
22000088,38,3,A
22000088,42,3,F
22000088,48,4,A
22000088,43,4,A
22000088,36,4,C
22000088,29,4,A
22000088,50,5,A
22000088,41,5,B
22000088,32,5,A
22000088,39,5,D
22000088,15,6,B
22000088,46,6,A
22000088,45,6,A
24000083,23,1,B
24000083,25,1,B
24000083,37,1,A
24000083,4,2,F
24000083,10,2,D
24000083,22,2,A
22000089,14,1,A
22000089,9,1,B
22000089,49,2,C
22000089,34,2,B
22000089,30,2,C
22000089,13,2,F
22000089,20,3,B
22000089,7,3,B
22000089,18,3,C
22000089,24,3,A
22000089,23,4,A
22000089,27,4,A
22000089,32,4,A
22000089,50,4,B
22000089,21,5,C
22000089,6,5,B
22000089,11,5,D
22000089,28,5,D
22000089,29,6,B
22000089,15,6,B
22000089,2,6,C
22000089,43,6,A
22000090,8,1,D
22000090,16,2,B
22000090,21,2,C
22000090,46,2,C
22000090,26,2,B
22000090,47,3,B
22000090,5,3,C
22000090,49,3,A
22000090,32,3,A
22000090,41,4,D
22000090,25,4,C
22000090,11,4,B
22000090,34,5,D
22000090,7,5,A
22000090,30,5,B
22000090,37,5,B
22000090,19,6,F
22000090,27,6,A
22000090,50,6,D
22000090,20,6,A
22000091,16,1,C
22000091,32,1,B
22000091,27,1,D
22000091,31,1,C
22000091,5,2,C
22000091,48,2,A
22000091,14,2,B
22000091,8,2,F
22000091,46,3,B
22000091,43,3,F
22000091,33,3,A
22000091,22,3,A
22000091,20,4,C
22000091,30,4,B
22000091,19,4,B
22000091,49,5,A
22000091,25,5,B
22000091,24,5,B
22000091,18,5,A
22000091,47,6,C
22000091,50,6,C
22000091,34,6,B
22000092,49,1,C
22000092,14,2,D
22000092,18,2,B
22000092,47,2,A
22000092,5,2,A
22000092,3,2,D
22000092,40,3,B
22000092,38,3,C
22000092,31,3,B
22000092,17,4,A
22000092,43,4,B
22000092,46,4,A
22000092,32,4,F
22000092,12,5,A
22000092,34,5,C
22000092,19,5,C
22000092,36,5,A
22000092,16,5,A
24000084,21,1,A
24000084,19,1,B
24000084,25,1,B
24000084,37,1,B
23000070,12,1,A
23000070,25,1,C
23000070,20,1,C
23000070,37,1,A
23000070,24,2,B
23000070,19,2,A
23000070,33,2,A
23000070,32,2,C
23000070,11,3,A
23000070,39,3,C
23000070,41,3,C
23000070,46,3,C
23000070,1,4,C
23000070,17,4,C
23000070,28,4,D
23000070,40,4,B
23000071,36,1,B
23000071,2,1,A
23000071,22,1,A
23000071,26,1,C
23000071,33,2,C
23000071,48,2,F
23000071,42,2,B
23000071,34,3,A
23000071,1,3,A
23000071,32,3,B
23000071,10,3,F
23000071,23,4,B
23000071,15,4,A
23000071,46,4,C
23000071,27,4,A
23000072,46,1,D
23000072,11,1,C
23000072,10,1,D
23000072,49,1,A
23000072,45,2,A
23000072,50,2,B
23000072,9,2,A
23000072,4,2,B
23000072,25,3,B
23000072,24,3,A
23000072,37,3,A
23000072,41,3,B
23000072,48,4,F
23000072,40,4,A
23000072,20,4,A
23000072,39,4,B
22000093,18,1,A
22000093,20,1,B
22000093,26,1,B
22000093,30,1,B
22000093,32,2,B
22000093,44,2,A
22000093,12,3,C
22000093,36,3,C
22000093,23,3,B
22000093,24,3,A
22000093,9,4,A
22000093,43,4,A
22000093,17,4,B
22000093,27,4,F
22000093,2,5,A
22000093,29,5,B
22000093,1,5,F
22000093,11,5,D
22000093,15,6,A
22000093,41,6,F
22000093,31,6,B
22000093,6,6,F
24000085,47,1,C
24000085,45,1,C
24000085,12,1,F
24000085,44,2,C
24000085,15,2,B
24000085,31,2,C
24000085,6,2,D
21000087,1,1,B
21000087,33,1,D
21000087,40,1,B
21000087,15,1,B
21000087,13,1,C
21000087,16,2,C
21000087,41,2,B
21000087,39,2,C
21000087,18,2,A
21000087,19,2,C
21000087,45,3,F
21000087,50,3,A
21000087,10,3,B
21000087,37,3,D
21000087,3,3,A
21000087,44,4,C
21000087,5,4,C
21000087,26,4,B
21000087,23,4,A
21000087,30,4,B
21000087,28,5,A
21000087,42,5,A
21000087,7,5,A
21000087,25,5,A
21000087,11,5,F
21000087,35,6,B
21000087,47,6,F
21000087,8,6,C
21000087,9,6,A
21000087,17,7,A
21000087,27,8,B
22000094,15,1,C
22000094,44,2,B
22000094,42,2,F
22000094,24,2,C
22000094,4,3,A
22000094,39,3,A
22000094,30,3,D
22000094,33,4,B
22000094,43,4,A
22000094,16,4,B
22000094,41,5,D
22000094,12,5,C
22000094,36,5,A
22000094,29,6,C
22000094,28,6,C
22000094,32,6,B
21000088,31,1,B
21000088,21,1,B
21000088,39,1,B
21000088,14,1,A
21000088,44,2,D
21000088,5,2,A
21000088,49,2,A
21000088,27,3,C
21000088,8,3,A
21000088,45,3,A
21000088,48,3,A
21000088,47,4,B
21000088,17,4,C
21000088,15,4,F
21000088,16,4,A
21000088,20,5,A
21000088,24,6,C
21000088,19,6,A
21000088,9,6,C
21000088,13,6,A
21000088,32,7,A
21000088,1,7,A
21000088,35,7,A
21000088,46,8,B
21000088,40,8,B
21000088,41,8,A
21000088,11,8,C
23000073,26,1,A
23000073,14,1,F
23000073,7,1,B
23000073,41,1,A
23000073,11,2,B
23000073,32,2,B
23000073,31,2,C
23000073,4,2,C
23000073,39,3,C
23000073,45,3,C
23000073,30,3,A
23000073,24,3,B
23000073,12,4,D
23000073,47,4,C
23000073,35,4,F
23000073,9,4,B
21000089,5,1,A
21000089,4,1,C
21000089,19,1,A
21000089,46,1,B
21000089,36,2,B
21000089,1,2,B
21000089,14,2,C
21000089,31,2,A
21000089,45,3,A
21000089,7,3,B
21000089,11,3,A
21000089,21,3,A
21000089,12,4,A
21000089,39,4,B
21000089,37,4,C
21000089,41,4,B
21000089,34,5,F
21000089,44,5,F
21000089,47,5,F
21000089,3,5,B
21000089,17,6,B
21000089,16,6,B
21000089,40,6,B
21000089,8,6,B
21000089,33,7,A
21000089,28,7,F
21000089,13,7,B
21000089,48,7,B
21000089,49,8,A
21000089,27,8,B
23000074,50,1,A
23000074,40,1,D
23000074,24,1,C
23000074,31,1,B
23000074,47,2,B
23000074,14,2,C
23000074,23,2,C
23000074,38,2,C
23000074,37,3,F
23000074,29,3,C
23000074,6,3,A
23000074,11,3,A
23000074,10,4,C
23000074,25,4,C
23000074,16,4,C
23000074,39,4,C
23000075,29,1,C
23000075,4,1,A
23000075,50,1,B
23000075,40,1,C
23000075,17,2,A
23000075,41,2,C
23000075,12,2,F
23000075,16,2,D
23000075,1,3,A
23000075,15,3,C
23000075,14,3,C
23000075,37,3,D
23000075,23,4,B
23000075,33,4,B
23000075,45,4,D
23000075,5,4,B
24000086,49,1,A
24000086,5,1,B
24000086,15,1,D
24000086,6,1,A
24000086,44,2,B
24000086,36,2,F
24000086,9,2,C
24000086,50,2,B
23000076,2,1,B
23000076,20,1,B
23000076,15,1,D
23000076,8,1,C
23000076,29,2,A
23000076,46,2,C
23000076,22,2,C
23000076,26,2,B
23000076,45,3,A
23000076,13,3,C
23000076,11,3,F
23000076,33,3,B
23000076,10,4,A
23000076,50,4,F
23000076,12,4,C
23000076,43,4,A
23000077,25,1,A
23000077,26,2,C
23000077,36,2,B
23000077,31,2,C
23000077,35,2,C
23000077,4,3,A
23000077,49,3,B
23000077,39,3,C
23000077,13,3,A
23000077,12,4,A
23000077,42,4,F
23000077,17,4,B
23000077,5,4,C
21000090,37,1,A
21000090,9,1,A
21000090,21,1,A
21000090,5,1,C
21000090,44,2,A
21000090,20,2,D
21000090,36,3,B
21000090,48,3,C
21000090,46,3,C
21000090,8,3,D
21000090,15,4,A
21000090,3,4,A
21000090,12,4,B
21000090,17,5,A
21000090,22,5,A
21000090,26,5,B
21000090,50,5,B
21000090,30,6,C
21000090,2,6,A
21000090,39,6,A
21000090,13,6,C
21000090,43,7,A
21000090,42,7,B
21000090,49,7,F
21000090,7,8,A
21000090,41,8,B
21000090,14,8,A
23000078,28,1,C
23000078,25,1,F
23000078,31,1,C
23000078,6,1,F
23000078,20,2,B
23000078,18,2,B
23000078,24,2,B
23000078,41,2,B
23000078,34,3,D
23000078,48,3,F
23000078,32,4,C
23000078,29,4,F
23000078,1,4,C
22000095,14,1,B
22000095,2,1,A
22000095,44,1,B
22000095,42,1,B
22000095,18,1,A
22000095,34,2,B
22000095,8,2,C
22000095,22,2,C
22000095,16,2,D
22000095,50,2,A
22000095,9,3,B
22000095,27,3,D
22000095,13,3,A
22000095,46,4,C
22000095,25,4,C
22000095,15,4,B
22000095,26,4,B
22000095,36,4,C
22000095,20,5,B
22000095,30,5,B
22000095,48,5,A
22000095,21,6,F
22000095,5,6,F
22000095,35,6,C
22000096,29,1,A
22000096,1,1,B
22000096,15,1,A
22000096,26,1,C
22000096,36,2,B
22000096,22,2,B
22000096,18,2,C
22000096,32,2,B
22000096,38,3,B
22000096,4,3,A
22000096,9,3,B
22000096,27,3,F
22000096,8,4,F
22000096,11,4,F
22000096,6,4,D
22000096,37,4,D
22000096,13,5,C
22000096,10,5,A
22000096,46,5,A
22000096,30,5,A
22000096,39,6,B
22000096,41,6,B
22000096,31,6,D
22000096,28,6,B
23000079,34,1,A
23000079,5,1,C
23000079,17,1,B
23000079,8,2,C
23000079,16,2,B
23000079,10,2,D
23000079,11,2,A
23000079,49,2,B
23000079,40,3,A
23000079,14,3,C
23000079,21,3,A
23000079,47,3,A
23000079,20,3,C
23000079,22,4,C
23000079,25,4,A
23000079,50,4,B
23000079,6,4,C
21000091,43,1,A
21000091,6,1,F
21000091,4,1,D
21000091,48,1,C
21000091,37,2,A
21000091,36,2,A
21000091,50,2,B
21000091,21,2,D
21000091,29,3,A
21000091,28,3,A
21000091,19,3,B
21000091,14,4,C
21000091,9,4,A
21000091,22,4,C
21000091,35,4,D
21000091,8,5,F
21000091,32,6,C
21000091,20,6,B
21000091,31,6,B
21000091,23,6,B
21000091,3,7,C
21000091,24,7,C
21000091,2,7,B
21000091,26,7,B
21000091,30,8,B
21000091,34,8,C
21000091,15,8,C
22000097,30,1,A
22000097,3,1,A
22000097,24,1,A
22000097,46,1,A
22000097,34,2,C
22000097,50,2,F
22000097,14,2,C
22000097,10,2,A
22000097,1,3,B
22000097,16,3,D
22000097,45,3,F
22000097,41,3,B
22000097,26,4,A
22000097,39,4,A
22000097,35,4,B
22000097,5,4,D
22000097,9,5,F
22000097,38,5,A
22000097,11,5,B
22000097,43,5,C
22000097,12,6,C
22000097,7,6,B
22000098,28,1,C
22000098,23,1,A
22000098,43,1,B
22000098,34,1,B
22000098,44,1,B
22000098,29,2,A
22000098,16,2,F
22000098,2,2,D
22000098,32,2,B
22000098,4,2,B
22000098,20,3,B
22000098,50,3,A
22000098,3,3,C
22000098,22,3,C
22000098,49,4,C
22000098,36,4,B
22000098,48,4,A
22000098,5,4,F
22000098,18,5,A
22000098,27,5,F
22000098,39,5,C
22000098,21,5,B
22000098,38,5,C
22000098,15,6,B
22000098,9,6,C
22000098,25,6,B
22000098,12,6,F
22000098,13,6,A
22000099,34,1,D
22000099,33,1,A
22000099,4,1,C
22000099,48,1,C
22000099,19,2,C
22000099,9,2,A
22000099,22,2,D
22000099,37,2,A
22000099,30,3,B
22000099,28,3,B
22000099,14,3,F
22000099,40,4,C
22000099,15,4,D
22000099,39,4,F
22000099,42,4,B
22000099,32,5,A
22000099,20,5,C
22000099,27,5,F
22000099,21,6,C
22000099,18,6,B
22000099,31,6,B
22000099,24,6,A
21000092,48,1,C
21000092,27,1,A
21000092,19,1,D
21000092,40,1,B
21000092,42,2,A
21000092,3,2,C
21000092,8,2,C
21000092,13,3,C
21000092,18,3,D
21000092,12,3,C
21000092,28,3,B
21000092,46,4,A
21000092,44,4,A
21000092,38,4,C
21000092,43,5,A
21000092,1,5,A
21000092,5,5,A
21000092,36,5,C
21000092,26,6,C
21000092,31,6,A
21000092,50,6,C
21000092,25,6,B
21000092,47,7,B
21000092,39,7,F
21000092,49,7,A
21000092,6,7,F
21000092,32,8,B
21000092,30,8,C
21000092,41,8,F
21000092,35,8,A
23000080,6,1,F
23000080,32,1,A
23000080,14,1,A
23000080,8,2,F
23000080,50,2,C
23000080,40,2,C
23000080,20,3,F
23000080,26,3,C
23000080,30,3,B
23000080,43,4,A
23000080,5,4,A
23000080,24,4,B
23000081,17,1,C
23000081,49,2,F
23000081,18,2,C
23000081,40,2,B
23000081,38,3,C
23000081,6,3,C
23000081,15,3,C
23000081,14,4,C
23000081,34,4,D
23000081,39,4,C
22000100,5,1,A
22000100,49,1,C
22000100,25,1,B
22000100,10,1,A
22000100,7,2,A
22000100,40,2,B
22000100,19,2,C
22000100,17,3,B
22000100,31,3,A
22000100,6,3,B
22000100,26,3,B
22000100,14,4,A
22000100,43,4,C
22000100,18,5,C
22000100,21,5,A
22000100,9,5,B
22000100,50,6,B
22000100,8,6,B
22000100,46,6,B
22000100,4,6,A
23000082,45,1,A
23000082,18,1,D
23000082,15,1,C
23000082,14,1,A
23000082,3,2,C
23000082,27,2,A
23000082,35,2,B
23000082,7,2,B
23000082,36,3,C
23000082,24,3,B
23000082,37,3,B
23000082,9,3,B
23000082,10,4,C
23000082,23,4,C
23000082,44,4,A
23000083,12,1,C
23000083,16,1,F
23000083,29,1,D
23000083,9,1,A
23000083,2,2,C
23000083,45,2,A
23000083,17,2,B
23000083,40,2,C
23000083,1,3,A
23000083,38,3,A
23000083,34,3,A
23000083,22,3,A
23000083,48,4,B
23000083,27,4,D
23000083,26,4,A
23000083,15,4,F
22000101,8,1,B
22000101,12,1,B
22000101,49,1,B
22000101,20,1,B
22000101,48,1,F
22000101,28,2,A
22000101,31,2,B
22000101,29,2,F
22000101,21,2,B
22000101,40,2,C
22000101,47,3,C
22000101,24,3,B
22000101,36,3,B
22000101,33,3,C
22000101,35,4,B
22000101,7,4,F
22000101,41,5,B
22000101,17,5,B
22000101,32,5,A
22000101,9,5,A
22000101,46,5,C
22000101,37,6,A
22000101,30,6,A
22000101,44,6,A
22000101,2,6,C
22000101,50,6,F
23000084,14,1,C
23000084,44,1,A
23000084,16,1,B
23000084,40,2,A
23000084,7,2,C
23000084,28,2,A
23000084,48,3,A
23000084,5,3,B
23000084,21,3,D
23000084,6,4,B
23000084,31,4,A
23000084,30,4,A
23000085,34,1,B
23000085,18,1,C
23000085,33,1,B
23000085,45,2,A
23000085,1,2,C
23000085,9,2,F
23000085,16,3,C
23000085,31,3,A
23000085,27,3,B
23000085,21,4,C
23000085,26,4,C
23000085,13,4,B
22000102,12,1,B
22000102,48,1,A
22000102,6,1,F
22000102,41,1,B
22000102,19,2,A
22000102,33,2,C
22000102,50,2,A
22000102,34,2,A
22000102,3,3,A
22000102,32,3,B
22000102,27,3,A
22000102,15,3,C
22000102,38,4,B
22000102,45,4,B
22000102,2,4,A
22000102,43,4,D
22000102,17,5,A
22000102,1,5,A
22000102,40,5,B
22000102,4,5,F
22000102,36,6,B
22000102,9,6,A
22000102,31,6,F
22000102,21,6,A
23000086,16,1,C
23000086,48,1,B
23000086,38,1,D
23000086,45,2,B
23000086,42,2,B
23000086,29,2,C
23000086,1,2,D
23000086,33,3,B
23000086,20,3,B
23000086,50,3,D
23000086,43,4,A
23000086,11,4,F
23000086,31,4,B
23000086,41,4,B
24000087,19,1,C
24000087,9,1,F
24000087,32,1,B
24000087,3,1,C
24000087,43,1,D
24000087,20,2,B
24000087,30,2,A
24000087,47,2,A
24000087,5,2,B
24000087,16,2,A
21000093,22,1,A
21000093,50,1,B
21000093,7,1,C
21000093,16,1,A
21000093,21,2,C
21000093,31,2,F
21000093,5,2,C
21000093,28,2,A
21000093,47,3,B
21000093,14,3,C
21000093,4,3,A
21000093,42,3,F
21000093,1,4,C
21000093,49,4,B
21000093,12,4,A
21000093,40,4,B
21000093,46,5,F
21000093,17,5,D
21000093,9,5,C
21000093,23,5,A
21000093,8,6,D
21000093,20,6,F
21000093,41,6,B
21000093,24,7,A
21000093,37,7,A
21000093,36,7,A
21000093,33,7,C
21000093,18,8,F
21000093,13,8,A
21000093,27,8,A
21000093,48,8,C
21000094,4,1,B
21000094,15,1,B
21000094,28,1,D
21000094,42,1,F
21000094,24,1,B
21000094,23,2,B
21000094,2,2,C
21000094,40,2,B
21000094,3,2,B
21000094,22,2,F
21000094,37,3,D
21000094,20,3,C
21000094,43,3,B
21000094,50,3,B
21000094,48,3,D
21000094,26,4,C
21000094,39,4,C
21000094,35,4,C
21000094,11,5,C
21000094,44,5,A
21000094,46,5,C
21000094,17,5,F
21000094,12,6,C
21000094,16,6,D
21000094,34,6,B
21000094,30,6,B
21000094,9,6,B
21000094,29,7,F
21000094,49,7,B
21000094,13,8,D
21000094,27,8,B
21000095,33,1,A
21000095,26,1,A
21000095,6,1,D
21000095,41,1,B
21000095,50,2,F
21000095,1,2,B
21000095,16,2,B
21000095,19,2,B
21000095,24,2,A
21000095,9,3,D
21000095,29,3,A
21000095,20,3,B
21000095,14,3,C
21000095,15,3,A
21000095,46,4,A
21000095,38,4,A
21000095,28,4,A
21000095,18,4,C
21000095,45,4,B
21000095,21,5,A
21000095,2,6,A
21000095,37,7,F
21000095,40,7,B
21000095,42,7,C
21000095,13,7,A
21000095,47,8,B
21000095,44,8,B
21000095,32,8,B
21000095,31,8,A
21000095,27,8,B
24000088,30,1,B
24000088,17,1,B
24000088,46,1,A
24000088,49,1,D
24000088,43,1,A
24000088,40,2,B
24000088,29,2,A
24000088,14,2,B
24000088,47,2,A
22000103,17,1,B
22000103,26,1,A
22000103,40,1,A
22000103,31,1,B
22000103,36,2,A
22000103,50,2,C
22000103,15,2,A
22000103,46,2,B
22000103,45,3,A
22000103,34,3,B
22000103,48,3,A
22000103,32,3,C
22000103,10,4,A
22000103,38,4,B
22000103,30,5,C
22000103,4,5,A
22000103,49,6,B
22000103,7,6,B
22000103,8,6,B
22000103,39,6,D
21000096,25,1,A
21000096,23,1,A
21000096,48,1,A
21000096,17,2,B
21000096,39,2,C
21000096,31,2,D
21000096,34,3,A
21000096,3,3,A
21000096,5,3,B
21000096,38,4,C
21000096,10,4,A
21000096,40,4,B
21000096,29,5,B
21000096,49,5,C
21000096,28,5,C
21000096,21,6,A
21000096,1,6,C
21000096,15,7,D
21000096,45,7,B
21000096,47,7,F
21000096,22,8,C
21000096,41,8,B
21000096,36,8,A
21000097,38,1,A
21000097,50,1,A
21000097,33,1,A
21000097,49,2,B
21000097,14,2,C
21000097,12,2,A
21000097,37,3,C
21000097,8,3,B
21000097,32,3,F
21000097,43,4,C
21000097,17,4,B
21000097,31,4,A
21000097,44,5,B
21000097,15,5,C
21000097,34,5,A
21000097,26,6,A
21000097,40,6,B
21000097,27,6,A
21000097,21,7,C
21000097,6,7,D
21000097,46,7,F
21000097,20,8,A
21000097,24,8,C
21000097,1,8,A
23000087,34,1,C
23000087,1,1,C
23000087,9,1,C
23000087,39,1,B
23000087,48,2,A
23000087,50,2,F
23000087,25,2,C
23000087,36,2,C
23000087,43,3,A
23000087,24,3,A
23000087,2,3,A
23000087,18,3,F
23000087,11,4,F
23000087,15,4,B
23000087,7,4,B
23000087,33,4,A
22000104,45,1,A
22000104,25,1,B
22000104,39,1,B
22000104,13,1,C
22000104,33,2,A
22000104,27,2,B
22000104,34,2,B
22000104,46,2,B
22000104,29,3,C
22000104,35,3,A
22000104,18,3,A
22000104,6,3,A
22000104,36,4,B
22000104,26,4,B
22000104,7,4,A
22000104,37,4,A
22000104,32,5,A
22000104,44,5,A
22000104,19,5,C
22000104,15,5,A
22000104,48,6,B
22000104,4,6,D
22000104,11,6,A
22000104,5,6,A
24000089,16,1,F
24000089,49,1,B
24000089,28,1,B
24000089,18,1,A
24000089,40,1,A
24000089,9,2,B
24000089,29,2,D
24000089,20,2,B
24000089,50,2,C
24000089,34,2,B
23000088,34,1,C
23000088,33,1,B
23000088,40,1,B
23000088,10,1,C
23000088,46,2,A
23000088,44,2,B
23000088,3,2,D
23000088,30,2,A
23000088,35,3,C
23000088,8,3,A
23000088,5,3,B
23000088,48,3,D
23000088,20,4,C
23000088,21,4,A
23000088,14,4,C
23000088,36,4,F
24000090,35,1,A
24000090,33,1,B
24000090,8,2,B
24000090,30,2,C
24000090,43,2,F
24000090,20,2,A
21000098,49,1,C
21000098,22,1,A
21000098,50,1,A
21000098,42,1,B
21000098,28,2,A
21000098,48,2,D
21000098,39,2,D
21000098,18,2,D
21000098,36,3,F
21000098,27,3,D
21000098,33,3,B
21000098,44,3,C
21000098,21,4,D
21000098,43,4,A
21000098,12,4,B
21000098,47,4,F
21000098,26,5,B
21000098,17,5,A
21000098,14,5,B
21000098,3,5,C
21000098,16,6,A
21000098,23,6,A
21000098,5,6,B
21000098,34,6,C
21000098,30,7,C
21000098,13,7,C
21000098,19,7,B
21000098,45,7,C
21000098,25,8,D
21000098,29,8,F
21000098,7,8,A
21000099,42,1,C
21000099,6,1,B
21000099,26,1,C
21000099,11,2,B
21000099,1,2,A
21000099,15,2,A
21000099,38,3,A
21000099,24,3,A
21000099,41,3,C
21000099,10,4,D
21000099,25,4,C
21000099,48,4,B
21000099,46,5,C
21000099,14,5,B
21000099,50,5,A
21000099,27,6,A
21000099,19,6,C
21000099,34,6,B
21000099,45,7,A
21000099,28,7,A
21000099,44,7,A
21000099,7,8,A
21000099,47,8,A
22000105,20,1,D
22000105,10,1,F
22000105,1,1,A
22000105,2,1,C
22000105,24,2,C
22000105,15,2,A
22000105,26,2,D
22000105,46,2,B
22000105,31,3,A
22000105,14,3,B
22000105,40,4,B
22000105,42,4,B
22000105,47,4,A
22000105,49,4,C
22000105,22,5,B
22000105,41,5,C
22000105,4,6,B
22000105,39,6,B
22000105,11,6,A
22000105,25,6,A
23000089,7,1,C
23000089,20,1,D
23000089,32,2,A
23000089,22,2,F
23000089,43,2,A
23000089,28,2,F
23000089,30,3,B
23000089,26,3,F
23000089,44,3,C
23000089,23,3,C
23000089,4,4,A
23000089,46,4,C
23000089,34,4,B
23000089,12,4,C
21000100,17,1,D
21000100,31,1,C
21000100,5,1,B
21000100,12,2,C
21000100,47,2,A
21000100,8,2,A
21000100,35,3,B
21000100,40,3,C
21000100,11,3,C
21000100,20,4,A
21000100,32,4,A
21000100,7,4,C
21000100,25,5,B
21000100,6,5,D
21000100,26,5,A
21000100,2,6,A
21000100,14,6,A
21000100,21,6,D
21000100,42,7,A
21000100,22,7,B
21000100,36,7,C
21000100,24,8,B
21000100,30,8,A
21000100,33,8,A
22000106,22,1,A
22000106,8,1,B
22000106,10,1,C
22000106,21,1,A
22000106,9,2,A
22000106,13,2,A
22000106,28,2,D
22000106,33,2,F
22000106,49,3,A
22000106,40,3,B
22000106,37,3,C
22000106,32,3,C
22000106,25,4,B
22000106,17,4,B
22000106,42,4,A
22000106,44,4,C
22000106,45,5,C
22000106,26,5,B
22000106,36,5,A
22000106,1,5,A
22000106,31,6,A
22000106,5,6,A
23000090,33,1,C
23000090,37,1,A
23000090,50,1,F
23000090,3,1,F
23000090,14,2,A
23000090,19,2,C
23000090,24,2,B
23000090,26,2,C
23000090,27,3,A
23000090,44,3,B
23000090,41,3,B
23000090,38,3,B
23000090,36,4,A
23000090,46,4,B
23000090,29,4,A
23000090,42,4,A
21000101,49,1,C
21000101,5,1,C
21000101,43,1,A
21000101,50,2,D
21000101,12,2,A
21000101,17,2,B
21000101,40,3,B
21000101,39,3,C
21000101,15,3,A
21000101,27,4,D
21000101,4,4,A
21000101,47,4,B
21000101,23,5,A
21000101,21,5,C
21000101,41,5,A
21000101,22,6,D
21000101,37,6,B
21000101,33,6,D
21000101,44,7,C
21000101,14,7,A
21000101,10,7,A
21000101,45,8,A
21000101,36,8,A
21000101,31,8,F
24000091,33,1,B
24000091,42,1,C
24000091,41,1,A
24000091,40,2,F
24000091,29,2,D
24000091,36,2,D
21000102,16,1,C
21000102,5,1,A
21000102,4,1,B
21000102,27,1,C
21000102,49,1,C
21000102,38,2,A
21000102,21,2,C
21000102,22,2,B
21000102,37,2,C
21000102,50,2,B
21000102,48,3,A
21000102,1,3,D
21000102,18,3,C
21000102,47,3,F
21000102,9,3,C
21000102,12,4,C
21000102,14,4,A
21000102,3,4,A
21000102,44,4,F
21000102,17,4,A
21000102,32,5,C
21000102,28,5,A
21000102,11,5,B
21000102,40,5,C
21000102,10,6,C
21000102,19,7,B
21000102,25,7,A
21000102,31,7,B
21000102,15,8,F
22000107,4,1,A
22000107,28,1,A
22000107,24,1,F
22000107,27,1,A
22000107,48,1,B
22000107,1,2,B
22000107,6,2,B
22000107,5,2,C
22000107,30,2,B
22000107,7,2,C
22000107,32,3,B
22000107,2,3,C
22000107,13,3,C
22000107,31,3,A
22000107,21,3,B
22000107,23,4,B
22000107,49,4,B
22000107,9,4,B
22000107,15,4,C
22000107,29,5,B
22000107,37,5,B
22000107,36,5,B
22000107,25,5,B
22000107,12,5,C
22000107,18,6,C
22000107,20,6,C
23000091,7,1,A
23000091,12,1,A
23000091,49,1,F
23000091,27,1,A
23000091,5,1,B
23000091,21,2,F
23000091,11,2,F
23000091,47,2,A
23000091,44,2,B
23000091,39,2,D
23000091,41,3,D
23000091,26,3,C
23000091,13,3,A
23000091,17,3,A
23000091,3,3,D
23000091,36,4,F
23000091,35,4,D
23000091,42,4,A
23000091,43,4,C
23000091,45,4,A
24000092,41,1,A
24000092,40,1,F
24000092,36,1,C
24000092,12,1,B
24000092,43,2,A
24000092,33,2,F
24000092,17,2,B
24000092,48,2,C
22000108,49,1,C
22000108,9,1,A
22000108,11,1,D
22000108,27,2,D
22000108,13,2,A
22000108,50,2,B
22000108,18,3,A
22000108,34,3,A
22000108,42,3,B
22000108,25,4,C
22000108,12,4,A
22000108,45,4,A
22000108,31,5,C
22000108,33,5,C
22000108,3,5,C
22000108,39,6,A
22000108,17,6,B
22000108,28,6,A
21000103,4,1,C
21000103,12,1,C
21000103,17,1,B
21000103,39,1,A
21000103,26,2,D
21000103,24,2,A
21000103,30,2,C
21000103,32,2,B
21000103,9,3,A
21000103,36,3,C
21000103,6,3,C
21000103,33,3,D
21000103,15,4,B
21000103,27,4,C
21000103,22,4,D
21000103,23,5,B
21000103,41,5,C
21000103,29,5,B
21000103,28,5,A
21000103,8,6,F
21000103,14,6,B
21000103,46,6,F
21000103,10,6,A
21000103,48,7,A
21000103,16,7,B
21000103,13,7,A
21000103,47,7,A
21000103,43,8,C
21000103,20,8,B
21000103,38,8,C
21000103,45,8,C
23000092,50,1,B
23000092,46,1,B
23000092,18,1,C
23000092,42,2,D
23000092,19,2,A
23000092,41,2,C
23000092,30,3,C
23000092,25,3,A
23000092,3,3,A
23000092,34,4,A
23000092,44,4,B
23000092,27,4,D
21000104,11,1,A
21000104,50,1,B
21000104,24,1,B
21000104,46,1,A
21000104,16,1,C
21000104,45,2,C
21000104,32,2,B
21000104,4,2,B
21000104,47,3,C
21000104,34,3,A
21000104,1,3,A
21000104,5,3,F
21000104,33,3,B
21000104,30,4,B
21000104,41,4,C
21000104,17,4,A
21000104,20,4,A
21000104,44,4,F
21000104,21,5,A
21000104,26,5,B
21000104,15,5,A
21000104,29,5,B
21000104,36,6,A
21000104,31,6,C
21000104,2,6,C
21000104,10,7,F
21000104,42,7,C
21000104,28,7,A
21000104,9,7,B
21000104,49,7,C
21000104,6,8,A
21000104,40,8,C
21000104,22,8,A
21000105,17,1,C
21000105,32,1,B
21000105,40,1,C
21000105,26,1,D
21000105,16,1,B
21000105,47,2,A
21000105,24,2,B
21000105,38,2,D
21000105,2,2,A
21000105,50,2,C
21000105,45,3,D
21000105,30,3,C
21000105,12,3,C
21000105,42,4,C
21000105,4,4,A
21000105,11,4,F
21000105,48,4,B
21000105,41,4,C
21000105,1,5,C
21000105,27,5,F
21000105,22,5,A
21000105,37,5,C
21000105,39,5,A
21000105,9,6,B
21000105,13,6,D
21000105,18,6,B
21000105,15,6,D
21000105,28,6,C
21000105,10,7,B
21000105,44,7,A
21000105,31,7,B
21000105,49,7,A
21000105,46,8,A
21000105,34,8,B
22000109,14,1,B
22000109,36,1,C
22000109,30,1,A
22000109,17,1,D
22000109,40,2,B
22000109,31,2,F
22000109,11,2,C
22000109,47,2,A
22000109,1,3,A
22000109,39,3,A
22000109,9,3,F
22000109,49,3,A
22000109,16,4,A
22000109,45,4,B
22000109,8,4,A
22000109,29,5,A
22000109,43,5,C
22000109,12,5,A
22000109,35,5,B
22000109,10,6,A
22000109,4,6,D
22000109,6,6,C
22000109,26,6,A
23000093,36,1,A
23000093,18,1,B
23000093,46,1,A
23000093,39,1,D
23000093,11,1,B
23000093,30,2,D
23000093,2,2,D
23000093,27,2,A
23000093,44,2,B
23000093,13,3,D
23000093,29,3,F
23000093,33,3,B
23000093,40,3,C
23000093,41,4,B
23000093,16,4,A
23000093,21,4,D
23000093,34,4,C
23000093,17,4,C
24000093,47,1,C
24000093,50,1,C
24000093,10,1,A
24000093,23,1,D
24000093,37,2,A
24000093,46,2,D
24000093,13,2,B
24000093,7,2,A
22000110,5,1,B
22000110,11,1,A
22000110,6,1,B
22000110,13,1,B
22000110,10,2,A
22000110,28,2,B
22000110,9,2,C
22000110,37,2,D
22000110,48,3,B
22000110,33,3,A
22000110,44,3,C
22000110,4,3,D
22000110,20,4,F
22000110,42,4,C
22000110,23,4,A
22000110,39,4,B
22000110,47,5,A
22000110,18,5,F
22000110,25,5,B
22000110,3,6,C
22000110,36,6,B
22000110,41,6,A
23000094,3,1,A
23000094,48,1,A
23000094,15,1,B
23000094,14,1,C
23000094,42,2,B
23000094,8,2,A
23000094,26,2,C
23000094,13,2,B
23000094,12,3,F
23000094,31,3,B
23000094,9,3,B
23000094,43,3,B
23000094,50,4,A
23000094,34,4,D
23000094,10,4,F
23000094,36,4,C
24000094,6,1,A
24000094,4,1,C
24000094,17,1,A
24000094,28,1,A
24000094,32,2,B
24000094,37,2,B
24000094,5,2,C
24000094,31,2,D
21000106,29,1,B
21000106,11,1,C
21000106,21,1,A
21000106,40,1,D
21000106,43,2,A
21000106,36,2,D
21000106,47,2,B
21000106,34,2,C
21000106,49,3,A
21000106,45,3,B
21000106,41,3,B
21000106,1,3,B
21000106,27,4,C
21000106,23,4,A
21000106,50,4,C
21000106,15,4,B
21000106,7,5,C
21000106,16,5,B
21000106,6,5,A
21000106,31,6,C
21000106,14,6,B
21000106,26,7,A
21000106,25,7,B
21000106,30,8,B
21000106,9,8,A
22000111,2,1,F
22000111,20,1,F
22000111,47,1,C
22000111,1,1,C
22000111,25,2,B
22000111,12,2,A
22000111,38,2,B
22000111,19,2,A
22000111,22,3,D
22000111,8,3,A
22000111,17,3,F
22000111,15,3,B
22000111,9,4,B
22000111,32,4,A
22000111,50,4,B
22000111,49,4,C
22000111,24,5,A
22000111,5,5,B
22000111,33,5,F
22000111,31,6,A
22000111,27,6,A
22000111,40,6,F
22000111,26,6,B
21000107,46,1,B
21000107,8,1,A
21000107,2,1,B
21000107,7,1,B
21000107,23,1,F
21000107,39,2,F
21000107,20,2,B
21000107,41,2,A
21000107,45,2,C
21000107,43,2,A
21000107,21,3,D
21000107,26,3,B
21000107,32,3,D
21000107,16,3,C
21000107,4,3,C
21000107,30,4,B
21000107,6,4,B
21000107,5,4,B
21000107,24,4,B
21000107,17,4,B
21000107,48,5,C
21000107,28,5,A
21000107,9,6,A
21000107,10,6,B
21000107,47,6,A
21000107,27,7,B
21000107,49,7,B
21000107,22,7,B
21000107,36,7,C
21000107,12,7,C
21000107,33,8,B
21000107,25,8,A
21000107,13,8,B
21000107,40,8,F
21000107,1,8,C
22000112,25,1,F
22000112,9,1,C
22000112,4,1,A
22000112,39,1,C
22000112,45,2,C
22000112,23,2,B
22000112,50,2,B
22000112,20,2,C
22000112,37,3,F
22000112,41,3,A
22000112,48,3,B
22000112,32,3,B
22000112,43,4,A
22000112,18,4,A
22000112,30,4,B
22000112,19,4,A
22000112,24,5,B
22000112,6,5,B
22000112,5,5,A
22000112,42,5,B
22000112,22,6,A
22000112,15,6,F
22000112,28,6,D
24000095,5,1,B
24000095,11,1,D
24000095,9,1,C
24000095,2,1,C
24000095,6,1,A
24000095,38,2,B
24000095,25,2,A
24000095,45,2,B
21000108,14,1,D
21000108,46,1,A
21000108,40,2,D
21000108,21,2,C
21000108,50,2,B
21000108,17,2,A
21000108,5,3,D
21000108,34,3,B
21000108,26,4,A
21000108,13,4,A
21000108,8,4,B
21000108,47,4,C
21000108,32,5,C
21000108,20,5,B
21000108,49,5,A
21000108,16,5,F
21000108,41,6,F
21000108,31,6,A
21000108,4,6,F
21000108,36,6,A
21000108,42,7,B
21000108,29,7,C
21000108,24,7,C
21000108,10,7,B
21000108,18,8,A
21000108,12,8,B
21000108,37,8,F
21000108,19,8,A
23000095,5,1,D
23000095,15,1,B
23000095,40,1,B
23000095,48,2,A
23000095,2,2,C
23000095,17,2,B
23000095,16,3,C
23000095,26,3,C
23000095,22,3,D
23000095,11,4,C
23000095,4,4,A
23000095,42,4,B
24000096,31,1,F
24000096,25,1,A
24000096,50,1,A
24000096,48,1,B
24000096,12,2,C
24000096,39,2,C
24000096,26,2,A
24000096,19,2,C
23000096,43,1,F
23000096,21,1,A
23000096,3,1,B
23000096,8,1,C
23000096,49,2,A
23000096,35,2,B
23000096,37,2,C
23000096,36,2,B
23000096,16,3,A
23000096,22,3,D
23000096,47,3,A
23000096,1,3,B
23000096,31,4,A
23000096,42,4,C
23000096,17,4,C
23000096,7,4,C
24000097,25,1,C
24000097,32,1,A
24000097,12,1,F
24000097,15,1,C
24000097,2,2,C
24000097,33,2,B
24000097,22,2,A
24000097,26,2,B
24000098,6,1,C
24000098,3,1,A
24000098,30,1,B
24000098,33,2,D
24000098,13,2,A
24000098,43,2,B
24000098,37,2,B
22000113,36,1,D
22000113,48,1,B
22000113,34,1,B
22000113,12,1,A
22000113,1,1,A
22000113,15,2,F
22000113,33,2,A
22000113,9,2,C
22000113,13,2,B
22000113,6,3,A
22000113,42,3,D
22000113,29,3,C
22000113,14,3,A
22000113,47,4,A
22000113,18,5,A
22000113,8,5,B
22000113,44,5,B
22000113,23,6,A
22000113,22,6,F
22000113,26,6,F
22000113,20,6,B
22000113,16,6,B
23000097,46,1,B
23000097,29,1,A
23000097,23,1,C
23000097,36,1,F
23000097,42,1,A
23000097,24,2,A
23000097,47,2,A
23000097,50,2,B
23000097,16,3,A
23000097,41,3,D
23000097,7,3,A
23000097,20,3,A
23000097,49,3,B
23000097,33,4,A
24000099,22,1,C
24000099,49,1,F
24000099,12,1,A
24000099,11,1,B
24000099,10,2,F
24000099,13,2,B
24000099,17,2,B
24000099,29,2,B
22000114,43,1,C
22000114,2,1,B
22000114,11,1,B
22000114,42,1,B
22000114,26,1,A
22000114,34,2,A
22000114,50,2,C
22000114,48,2,D
22000114,22,2,B
22000114,1,2,B
22000114,23,3,B
22000114,27,3,C
22000114,31,3,A
22000114,47,3,C
22000114,9,3,F
22000114,16,4,B
22000114,20,4,D
22000114,44,4,B
22000114,15,4,C
22000114,41,4,C
22000114,8,5,B
22000114,30,5,B
22000114,13,5,B
22000114,3,6,B
22000114,39,6,B
22000114,36,6,B
22000114,33,6,A
23000098,3,1,A
23000098,11,1,A
23000098,10,1,B
23000098,33,1,C
23000098,21,2,B
23000098,43,2,D
23000098,45,2,C
23000098,2,2,F
23000098,31,3,B
23000098,12,3,A
23000098,24,3,A
23000098,50,3,B
23000098,37,4,C
23000098,6,4,B
23000098,39,4,A
23000098,41,4,C
23000099,28,1,B
23000099,9,1,C
23000099,48,1,A
23000099,3,1,B
23000099,47,1,A
23000099,42,2,B
23000099,27,2,B
23000099,16,2,C
23000099,19,2,D
23000099,8,2,B
23000099,15,3,B
23000099,22,3,B
23000099,29,3,B
23000099,46,3,A
23000099,34,4,A
23000099,38,4,B
23000099,23,4,D
23000100,2,1,D
23000100,27,1,A
23000100,36,1,D
23000100,5,1,B
23000100,46,2,C
23000100,14,2,B
23000100,9,3,B
23000100,30,3,A
23000100,43,3,C
23000100,48,3,B
23000100,32,4,F
23000100,4,4,B
23000100,34,4,A
23000100,29,4,A
22000115,34,1,B
22000115,19,1,B
22000115,13,1,B
22000115,27,1,B
22000115,29,2,C
22000115,22,2,D
22000115,48,2,F
22000115,44,2,D
22000115,24,3,A
22000115,15,3,D
22000115,28,3,B
22000115,11,3,D
22000115,6,4,D
22000115,43,4,A
22000115,26,4,C
22000115,18,4,A
22000115,2,5,A
22000115,47,5,C
22000115,35,5,C
22000115,9,6,A
22000115,23,6,C
22000116,41,1,B
22000116,47,1,B
22000116,38,1,B
22000116,1,1,C
22000116,49,2,B
22000116,31,2,C
22000116,15,2,B
22000116,14,3,D
22000116,12,3,F
22000116,21,3,A
22000116,19,3,B
22000116,25,4,B
22000116,17,4,A
22000116,22,4,A
22000116,29,4,A
22000116,40,5,A
22000116,34,5,A
22000116,9,5,C
22000116,4,6,B
22000116,39,6,A
22000116,36,6,A
22000116,48,6,D
21000109,17,1,B
21000109,40,1,D
21000109,27,1,F
21000109,21,1,F
21000109,8,1,D
21000109,39,2,A
21000109,33,2,C
21000109,5,2,A
21000109,14,2,F
21000109,32,2,A
21000109,45,3,B
21000109,15,3,B
21000109,23,3,C
21000109,2,3,A
21000109,36,3,A
21000109,10,4,A
21000109,26,4,B
21000109,30,4,A
21000109,50,4,D
21000109,41,4,C
21000109,46,5,D
21000109,49,5,F
21000109,42,5,B
21000109,31,5,B
21000109,25,5,A
21000109,16,6,B
21000109,20,6,B
21000109,37,6,C
21000109,11,6,F
21000109,4,7,A
21000109,44,7,C
21000109,48,7,A
21000109,47,7,A
21000109,12,8,A
21000109,7,8,A
23000101,33,1,B
23000101,35,1,D
23000101,34,1,C
23000101,27,1,C
23000101,38,1,A
23000101,36,2,A
23000101,46,2,F
23000101,14,2,A
23000101,39,2,A
23000101,25,2,A
23000101,41,3,C
23000101,29,3,A
23000101,45,3,A
23000101,4,3,A
23000101,3,3,B
23000101,8,4,B
23000101,7,4,D
23000101,42,4,C
23000101,37,4,A
23000101,12,4,B
21000110,46,1,A
21000110,15,1,B
21000110,34,1,D
21000110,9,1,A
21000110,43,2,B
21000110,33,2,F
21000110,22,2,D
21000110,50,2,B
21000110,2,3,C
21000110,28,3,A
21000110,48,3,A
21000110,49,3,A
21000110,14,4,A
21000110,36,4,D
21000110,10,4,C
21000110,23,4,A
21000110,35,5,D
21000110,13,5,C
21000110,25,5,A
21000110,20,5,D
21000110,24,6,A
21000110,37,6,A
21000110,39,6,C
21000110,32,7,B
21000110,41,7,A
21000110,44,7,F
21000110,31,7,A
21000110,17,8,B
21000110,29,8,A
21000110,6,8,B
21000110,42,8,B
21000111,8,1,A
21000111,35,1,A
21000111,20,1,A
21000111,6,1,C
21000111,24,2,C
21000111,7,2,B
21000111,23,2,B
21000111,19,2,B
21000111,16,3,B
21000111,10,3,B
21000111,32,3,B
21000111,4,3,B
21000111,48,4,C
21000111,1,4,C
21000111,31,4,F
21000111,37,4,A
21000111,29,5,A
21000111,25,5,A
21000111,43,6,A
21000111,15,6,A
21000111,12,6,A
21000111,33,7,A
21000111,21,7,B
21000111,44,7,C
21000111,38,7,B
21000111,50,8,A
21000111,41,8,C
21000111,36,8,D
21000111,17,8,A
22000117,50,1,A
22000117,11,1,C
22000117,1,2,B
22000117,10,2,B
22000117,49,2,C
22000117,34,2,C
22000117,44,3,A
22000117,4,3,B
22000117,31,3,C
22000117,24,3,B
22000117,32,4,A
22000117,41,4,D
22000117,38,4,A
22000117,22,4,A
22000117,48,5,A
22000117,21,5,A
22000117,15,5,D
22000117,26,6,A
22000117,39,6,A
22000117,47,6,B
22000117,29,6,A
23000102,31,1,A
23000102,18,1,A
23000102,34,1,A
23000102,48,1,C
23000102,29,2,D
23000102,9,2,C
23000102,24,3,F
23000102,16,3,B
23000102,36,3,B
23000102,15,3,A
23000102,11,4,A
23000102,49,4,C
23000102,2,4,B
21000112,10,1,F
21000112,28,1,D
21000112,48,1,B
21000112,25,1,A
21000112,29,2,A
21000112,8,2,A
21000112,30,2,B
21000112,27,2,C
21000112,47,3,B
21000112,41,3,C
21000112,33,3,F
21000112,24,3,A
21000112,44,4,B
21000112,13,4,B
21000112,9,4,A
21000112,18,4,B
21000112,6,5,C
21000112,50,5,D
21000112,17,5,C
21000112,36,5,D
21000112,40,6,D
21000112,42,7,B
21000112,16,7,A
21000112,43,7,C
21000112,46,7,C
21000112,20,8,A
21000112,39,8,F
21000112,31,8,C
21000112,15,8,B
23000103,23,1,A
23000103,15,1,B
23000103,8,1,A
23000103,2,2,C
23000103,49,2,F
23000103,25,2,B
23000103,48,2,C
23000103,1,3,A
23000103,22,3,F
23000103,30,3,C
23000103,9,3,F
23000103,28,4,D
23000103,31,4,C
23000103,43,4,D
21000113,27,1,B
21000113,50,1,F
21000113,2,1,B
21000113,46,1,A
21000113,29,2,C
21000113,10,2,D
21000113,24,2,B
21000113,25,3,B
21000113,32,3,F
21000113,1,3,A
21000113,12,3,A
21000113,6,4,B
21000113,14,4,B
21000113,26,4,B
21000113,11,5,B
21000113,40,5,B
21000113,38,5,F
21000113,45,6,C
21000113,47,6,A
21000113,13,6,F
21000113,42,7,B
21000113,37,7,C
21000113,22,7,B
21000113,39,8,A
21000113,35,8,F
21000113,31,8,B
21000113,41,8,B
23000104,21,1,B
23000104,28,1,B
23000104,17,1,C
23000104,42,1,A
23000104,36,2,A
23000104,40,2,B
23000104,49,2,C
23000104,31,2,A
23000104,45,3,A
23000104,23,3,B
23000104,47,3,C
23000104,37,3,A
23000104,4,4,A
23000104,12,4,B
23000104,25,4,A
23000104,33,4,D
23000105,27,1,C
23000105,22,1,C
23000105,47,1,A
23000105,36,2,A
23000105,16,2,A
23000105,46,2,F
23000105,15,3,A
23000105,10,3,B
23000105,18,3,A
23000105,24,4,A
23000105,42,4,B
23000105,39,4,B
23000106,18,1,C
23000106,8,1,C
23000106,39,1,B
23000106,45,2,F
23000106,49,2,A
23000106,3,2,A
23000106,33,3,A
23000106,34,3,A
23000106,41,4,B
23000106,50,4,C
23000106,21,4,B
24000100,29,1,B
24000100,1,1,C
24000100,38,1,A
24000100,47,1,A
24000100,34,2,B
24000100,45,2,B
24000100,31,2,A
24000100,14,2,B
24000100,20,2,C
23000107,47,1,B
23000107,20,1,B
23000107,48,1,D
23000107,34,1,B
23000107,31,2,A
23000107,42,2,B
23000107,37,2,B
23000107,33,2,F
23000107,32,3,C
23000107,36,3,B
23000107,29,3,B
23000107,22,3,B
23000107,26,4,B
23000107,28,4,A
23000107,21,4,B
23000107,8,4,F
21000114,42,1,B
21000114,17,1,C
21000114,37,1,C
21000114,19,1,B
21000114,27,2,A
21000114,20,2,B
21000114,32,2,A
21000114,44,2,B
21000114,15,2,B
21000114,40,3,A
21000114,48,3,C
21000114,9,3,B
21000114,18,3,B
21000114,29,3,A
21000114,3,4,C
21000114,38,4,D
21000114,23,4,B
21000114,13,5,A
21000114,34,5,A
21000114,11,6,C
21000114,4,6,B
21000114,1,6,A
21000114,24,6,A
21000114,16,6,A
21000114,30,7,B
21000114,41,7,A
21000114,25,7,A
21000114,28,7,C
21000114,47,8,B
21000114,8,8,C
21000114,46,8,A
21000114,39,8,A
21000114,7,8,A
23000108,24,1,C
23000108,10,1,B
23000108,30,1,A
23000108,16,1,C
23000108,50,2,D
23000108,6,2,B
23000108,15,2,B
23000108,22,2,F
23000108,11,3,A
23000108,9,3,B
23000108,49,3,C
23000108,48,4,A
23000108,27,4,A
23000108,37,4,B
23000108,13,4,A
21000115,10,1,A
21000115,18,1,A
21000115,34,1,B
21000115,15,1,D
21000115,2,2,B
21000115,25,2,A
21000115,44,2,A
21000115,24,2,B
21000115,17,3,F
21000115,1,3,C
21000115,9,3,D
21000115,13,3,B
21000115,42,4,C
21000115,40,4,C
21000115,22,4,D
21000115,4,4,B
21000115,23,5,B
21000115,48,5,B
21000115,19,6,A
21000115,28,6,C
21000115,32,6,C
21000115,37,6,A
21000115,29,7,C
21000115,16,7,B
21000115,39,7,B
21000115,47,7,A
21000115,45,8,B
23000109,28,1,F
23000109,22,1,B
23000109,26,1,C
23000109,10,1,B
23000109,42,2,C
23000109,41,2,A
23000109,2,2,B
23000109,29,2,B
23000109,45,3,A
23000109,33,3,B
23000109,18,3,B
23000109,6,3,A
23000109,36,4,A
23000109,5,4,C
23000109,43,4,D
23000109,31,4,B
22000118,34,1,A
22000118,39,1,D
22000118,37,1,F
22000118,38,1,B
22000118,42,1,C
22000118,48,2,A
22000118,9,2,F
22000118,20,2,B
22000118,23,2,D
22000118,41,2,B
22000118,3,3,B
22000118,45,3,C
22000118,25,3,B
22000118,30,3,A
22000118,15,3,C
22000118,32,4,B
22000118,13,4,C
22000118,14,4,B
22000118,12,4,C
22000118,29,5,C
22000118,2,5,A
22000118,24,5,C
22000118,6,5,A
22000118,27,5,B
22000118,44,6,D
22000118,31,6,B
24000101,24,1,B
24000101,27,1,B
24000101,46,1,C
24000101,38,1,B
24000101,34,2,F
24000101,20,2,C
23000110,28,1,B
23000110,30,1,A
23000110,33,1,B
23000110,4,2,F
23000110,7,2,B
23000110,42,2,C
23000110,10,3,B
23000110,32,3,A
23000110,37,3,D
23000110,44,4,A
23000110,43,4,A
23000110,23,4,A
21000116,7,1,F
21000116,26,1,B
21000116,4,1,C
21000116,25,1,F
21000116,48,2,C
21000116,19,2,C
21000116,3,2,A
21000116,39,2,D
21000116,21,3,A
21000116,27,3,D
21000116,44,3,C
21000116,12,3,B
21000116,20,4,A
21000116,1,4,B
21000116,42,4,A
21000116,37,4,D
21000116,43,5,A
21000116,41,5,C
21000116,9,5,B
21000116,30,5,C
21000116,2,6,F
21000116,33,6,A
21000116,36,6,C
21000116,38,6,B
21000116,45,7,F
21000116,17,7,B
21000116,13,7,A
21000116,15,8,A
21000116,18,8,B
21000116,6,8,A
21000116,31,8,A
21000117,29,1,A
21000117,27,1,C
21000117,4,1,C
21000117,3,1,A
21000117,25,2,C
21000117,6,2,C
21000117,23,2,C
21000117,48,2,A
21000117,43,3,C
21000117,12,3,D
21000117,28,3,B
21000117,44,3,B
21000117,39,4,B
21000117,11,4,A
21000117,37,4,A
21000117,42,4,C
21000117,45,5,D
21000117,1,5,B
21000117,38,5,B
21000117,8,5,C
21000117,31,6,B
21000117,46,6,B
21000117,20,6,B
21000117,24,7,B
21000117,22,7,B
21000117,18,7,A
21000117,35,7,A
21000117,32,8,B
21000117,34,8,A
21000117,50,8,A
23000111,4,1,A
23000111,39,1,C
23000111,30,1,B
23000111,32,2,A
23000111,18,2,A
23000111,22,2,C
23000111,25,3,B
23000111,48,3,A
23000111,45,3,F
23000111,42,4,F
23000111,9,4,A
23000111,43,4,C
22000119,44,1,A
22000119,40,1,D
22000119,14,1,F
22000119,34,1,A
22000119,42,1,B
22000119,33,2,D
22000119,18,2,F
22000119,16,3,B
22000119,22,3,B
22000119,15,3,A
22000119,26,3,C
22000119,45,3,A
22000119,35,4,B
22000119,17,4,D
22000119,46,4,A
22000119,32,4,A
22000119,24,5,A
22000119,21,5,A
22000119,9,6,A
22000119,2,6,C
22000119,19,6,A
21000118,24,1,B
21000118,47,1,C
21000118,9,1,F
21000118,40,1,C
21000118,48,2,D
21000118,13,2,A
21000118,18,2,A
21000118,34,2,F
21000118,3,3,D
21000118,33,3,C
21000118,7,4,C
21000118,30,4,A
21000118,8,4,F
21000118,27,4,F
21000118,46,5,B
21000118,39,5,B
21000118,37,5,A
21000118,21,5,B
21000118,42,6,F
21000118,49,6,A
21000118,44,6,A
21000118,17,6,A
21000118,28,7,B
21000118,36,7,B
21000118,50,7,B
21000118,41,7,A
21000118,11,8,C
24000102,13,1,F
24000102,35,1,A
24000102,7,1,A
24000102,21,1,C
24000102,36,2,C
24000102,39,2,B
24000102,25,2,D
24000102,40,2,C
22000120,13,1,C
22000120,12,1,B
22000120,49,1,A
22000120,37,1,C
22000120,17,2,C
22000120,40,2,B
22000120,47,2,B
22000120,21,2,A
22000120,27,3,B
22000120,8,3,D
22000120,23,3,F
22000120,43,3,B
22000120,28,4,A
22000120,7,4,B
22000120,50,4,A
22000120,18,4,A
22000120,30,5,B
22000120,45,5,A
22000120,3,5,C
22000120,36,5,D
22000120,31,6,C
22000120,42,6,B
22000120,22,6,F
22000120,24,6,A
22000121,1,1,C
22000121,30,1,C
22000121,31,1,A
22000121,41,1,A
22000121,38,2,A
22000121,8,2,A
22000121,46,2,B
22000121,29,2,C
22000121,40,3,A
22000121,9,3,A
22000121,26,3,B
22000121,11,3,B
22000121,15,4,A
22000121,6,4,A
22000121,49,4,A
22000121,43,4,B
22000121,50,5,B
22000121,3,5,C
22000121,45,5,B
22000121,4,5,D
22000121,37,6,A
22000121,17,6,C
22000121,23,6,F
21000119,47,1,C
21000119,37,1,B
21000119,4,1,C
21000119,49,1,B
21000119,21,2,A
21000119,44,2,C
21000119,36,2,B
21000119,50,2,A
21000119,40,3,D
21000119,22,3,C
21000119,48,3,C
21000119,29,3,A
21000119,5,4,A
21000119,14,4,A
21000119,31,4,F
21000119,1,4,A
21000119,9,5,C
21000119,3,5,A
21000119,24,5,B
21000119,46,5,C
21000119,17,6,A
21000119,12,6,F
21000119,16,7,C
21000119,28,7,B
21000119,8,7,B
21000119,43,7,A
21000119,39,8,B
21000119,20,8,A
21000119,45,8,A
21000119,6,8,B
24000103,21,1,D
24000103,42,1,A
24000103,30,1,A
24000103,3,1,C
24000103,27,1,B
24000103,45,2,D
24000103,1,2,B
24000103,20,2,A
24000103,18,2,A
24000103,32,2,A
23000112,33,1,B
23000112,8,1,A
23000112,44,1,B
23000112,18,1,B
23000112,34,2,B
23000112,4,2,A
23000112,19,2,C
23000112,37,2,D
23000112,48,3,F
23000112,22,3,D
23000112,2,3,C
23000112,26,4,B
23000112,11,4,C
23000112,9,4,B
23000112,38,4,C
24000104,35,1,B
24000104,5,1,B
24000104,11,1,C
24000104,37,1,C
24000104,39,2,A
24000104,44,2,A
24000104,29,2,B
24000104,36,2,C
22000122,1,1,C
22000122,41,1,D
22000122,16,1,F
22000122,9,1,B
22000122,13,2,B
22000122,12,2,B
22000122,7,2,B
22000122,31,3,A
22000122,2,3,B
22000122,46,3,C
22000122,29,3,F
22000122,26,4,A
22000122,32,4,A
22000122,11,4,C
22000122,50,4,F
22000122,42,5,A
22000122,17,5,A
22000122,6,5,B
22000122,23,5,A
22000122,24,6,B
22000122,18,6,B
23000113,46,1,B
23000113,20,1,C
23000113,41,2,C
23000113,27,2,C
23000113,3,2,C
23000113,24,2,A
23000113,38,3,B
23000113,21,3,B
23000113,26,3,A
23000113,22,3,A
23000113,36,4,B
23000113,1,4,B
23000113,18,4,B
23000113,17,4,F
24000105,5,1,B
24000105,14,1,D
24000105,43,1,A
24000105,1,2,A
24000105,31,2,F
24000105,21,2,A
24000106,16,1,C
24000106,8,1,B
24000106,46,1,A
24000106,49,1,A
24000106,5,1,C
24000106,21,2,A
24000106,4,2,D
24000106,15,2,A
24000106,9,2,C
24000106,39,2,A
21000120,41,1,C
21000120,33,2,A
21000120,35,2,A
21000120,37,2,A
21000120,44,2,C
21000120,39,3,D
21000120,43,3,B
21000120,1,3,A
21000120,29,3,C
21000120,16,4,A
21000120,17,4,C
21000120,31,5,A
21000120,18,5,A
21000120,3,5,C
21000120,23,5,D
21000120,12,6,B
21000120,25,6,C
21000120,40,6,B
21000120,34,6,A
21000120,36,7,A
21000120,47,7,B
21000120,27,7,B
21000120,6,8,A
21000120,45,8,A
21000120,50,8,A
21000121,41,1,D
21000121,15,1,B
21000121,45,1,C
21000121,27,2,D
21000121,10,2,A
21000121,6,2,B
21000121,43,3,C
21000121,20,3,B
21000121,31,3,B
21000121,2,4,C
21000121,23,4,B
21000121,29,4,F
21000121,32,5,B
21000121,16,5,A
21000121,46,5,A
21000121,28,6,F
21000121,50,6,D
21000121,19,6,A
21000121,40,7,B
21000121,12,7,C
21000121,33,7,B
21000121,4,8,C
21000121,24,8,B
21000121,18,8,B
22000123,6,1,B
22000123,19,1,A
22000123,42,1,D
22000123,36,1,A
22000123,5,2,C
22000123,7,2,B
22000123,44,2,F
22000123,23,2,A
22000123,39,3,A
22000123,18,3,F
22000123,25,3,A
22000123,16,3,B
22000123,41,4,B
22000123,50,4,B
22000123,33,4,B
22000123,29,4,C
22000123,22,5,C
22000123,45,5,B
22000123,8,5,A
22000123,21,6,B
22000123,37,6,B
22000123,40,6,B
23000114,1,1,A
23000114,26,1,D
23000114,41,1,B
23000114,31,2,A
23000114,38,2,A
23000114,9,2,C
23000114,45,3,B
23000114,40,3,B
23000114,16,3,C
23000114,29,4,A
23000114,10,4,A
23000114,27,4,C
24000107,20,1,D
24000107,45,1,B
24000107,28,1,B
24000107,41,1,B
24000107,15,2,D
24000107,11,2,C
24000107,49,2,C
24000107,43,2,B
24000108,19,1,B
24000108,27,1,B
24000108,18,1,D
24000108,35,1,A
24000108,2,2,B
24000108,13,2,C
24000108,25,2,B
24000108,42,2,C
24000109,18,1,A
24000109,47,1,A
24000109,43,1,B
24000109,29,1,B
24000109,45,2,A
24000109,41,2,B
24000109,34,2,F
24000109,3,2,B
21000122,25,1,C
21000122,10,1,C
21000122,30,1,D
21000122,18,1,D
21000122,13,2,A
21000122,40,2,A
21000122,27,2,A
21000122,44,2,B
21000122,28,3,F
21000122,35,3,C
21000122,34,3,A
21000122,20,3,A
21000122,19,4,B
21000122,2,4,C
21000122,3,4,F
21000122,7,4,A
21000122,42,5,D
21000122,21,5,D
21000122,36,5,D
21000122,14,5,B
21000122,43,6,B
21000122,32,7,B
21000122,16,7,C
21000122,26,7,A
21000122,33,8,D
21000122,46,8,D
21000122,50,8,B
21000122,24,8,B
23000115,38,1,F
23000115,26,1,A
23000115,45,1,C
23000115,31,1,B
23000115,2,2,B
23000115,30,2,B
23000115,37,2,B
23000115,29,2,D
23000115,14,3,A
23000115,42,3,B
23000115,33,3,A
23000115,23,3,A
23000115,1,4,C
23000115,10,4,D
22000124,26,1,F
22000124,22,1,A
22000124,12,1,D
22000124,17,1,C
22000124,2,1,B
22000124,23,2,C
22000124,44,2,B
22000124,46,2,B
22000124,14,3,B
22000124,34,3,B
22000124,18,3,F
22000124,19,3,A
22000124,30,4,A
22000124,40,4,B
22000124,9,4,B
22000124,3,5,D
22000124,25,5,B
22000124,10,5,C
22000124,21,5,B
22000124,39,5,A
22000124,48,6,A
22000124,42,6,A
21000123,30,1,A
21000123,2,1,C
21000123,6,1,C
21000123,1,1,F
21000123,15,2,A
21000123,31,2,B
21000123,9,2,B
21000123,39,2,C
21000123,34,3,A
21000123,13,3,A
21000123,36,3,A
21000123,32,3,A
21000123,38,4,B
21000123,45,4,D
21000123,28,4,A
21000123,48,5,D
21000123,20,5,F
21000123,40,6,C
21000123,47,6,F
21000123,8,6,C
21000123,4,7,A
21000123,5,7,A
21000123,43,7,C
21000123,22,7,C
21000123,50,8,A
21000123,29,8,D
21000123,16,8,F
21000123,12,8,B
22000125,11,1,C
22000125,12,1,A
22000125,46,1,D
22000125,33,1,A
22000125,42,2,A
22000125,35,2,F
22000125,34,2,B
22000125,2,2,C
22000125,31,3,B
22000125,27,3,C
22000125,13,3,A
22000125,18,3,A
22000125,25,4,C
22000125,19,4,D
22000125,36,4,B
22000125,4,5,B
22000125,50,5,A
22000125,37,5,D
22000125,17,5,F
22000125,44,6,C
22000125,39,6,A
22000125,28,6,B
22000125,3,6,A
24000110,19,1,C
24000110,21,1,C
24000110,6,1,B
24000110,4,1,B
24000110,39,2,A
24000110,28,2,C
24000110,13,2,B
24000110,23,2,C
24000111,6,1,C
24000111,14,1,B
24000111,37,1,F
24000111,30,2,B
24000111,48,2,F
22000126,42,1,C
22000126,32,1,B
22000126,19,1,D
22000126,23,1,C
22000126,43,2,D
22000126,45,2,A
22000126,5,2,C
22000126,36,2,A
22000126,8,3,A
22000126,1,3,B
22000126,20,3,F
22000126,17,3,C
22000126,44,4,A
22000126,14,4,A
22000126,40,4,C
22000126,9,4,C
22000126,35,5,A
22000126,18,5,A
22000126,7,5,D
22000126,27,5,F
22000126,2,6,D
22000126,31,6,C
22000126,33,6,A
22000126,6,6,A
24000112,14,1,B
24000112,16,1,A
24000112,18,1,A
24000112,33,1,B
24000112,48,2,A
24000112,11,2,B
22000127,34,1,C
22000127,10,1,C
22000127,8,1,B
22000127,19,1,C
22000127,48,2,A
22000127,42,2,B
22000127,39,2,A
22000127,30,2,B
22000127,22,3,B
22000127,41,3,C
22000127,33,3,B
22000127,37,3,B
22000127,27,4,B
22000127,35,4,A
22000127,15,4,A
22000127,44,4,D
22000127,11,5,C
22000127,25,5,A
22000127,28,5,F
22000127,17,5,A
22000127,43,6,C
22000127,47,6,A
23000116,7,1,B
23000116,50,1,B
23000116,33,1,A
23000116,39,1,C
23000116,9,1,C
23000116,25,2,C
23000116,44,2,B
23000116,37,2,C
23000116,36,2,B
23000116,13,2,B
23000116,28,3,A
23000116,14,3,A
23000116,35,3,B
23000116,18,3,D
23000116,40,3,C
23000116,19,4,A
23000116,42,4,C
23000116,34,4,A
21000124,33,1,B
21000124,47,1,B
21000124,39,1,B
21000124,20,1,B
21000124,49,2,D
21000124,28,2,A
21000124,32,2,C
21000124,14,2,B
21000124,9,3,C
21000124,24,3,A
21000124,46,3,B
21000124,16,3,B
21000124,17,4,A
21000124,19,4,A
21000124,23,4,C
21000124,7,5,F
21000124,40,5,B
21000124,2,5,A
21000124,21,6,B
21000124,48,6,A
21000124,4,6,C
21000124,25,6,C
21000124,30,7,A
21000124,12,7,C
21000124,43,7,D
21000124,13,7,C
21000124,34,8,B
21000124,15,8,B
21000124,10,8,B
21000124,37,8,A
23000117,48,1,A
23000117,17,1,A
23000117,6,1,B
23000117,45,2,D
23000117,30,2,A
23000117,15,2,C
23000117,21,3,D
23000117,2,3,B
23000117,38,3,A
23000117,25,4,C
23000117,36,4,F
23000118,26,1,A
23000118,6,1,A
23000118,24,1,F
23000118,23,1,A
23000118,12,2,B
23000118,9,2,B
23000118,33,2,A
23000118,48,2,B
23000118,16,3,A
23000118,43,3,C
23000118,34,3,A
23000118,27,3,A
23000118,39,4,A
23000118,17,4,C
23000118,2,4,C
23000118,45,4,A
22000128,23,1,C
22000128,16,1,A
22000128,47,1,A
22000128,33,1,A
22000128,14,2,C
22000128,20,2,C
22000128,34,2,B
22000128,22,2,A
22000128,5,3,C
22000128,26,3,B
22000128,29,3,A
22000128,32,3,C
22000128,50,4,C
22000128,39,4,A
22000128,49,4,B
22000128,31,4,A
22000128,44,5,A
22000128,24,5,B
22000128,7,5,A
22000128,18,6,A
22000128,8,6,A
22000128,40,6,A
22000128,12,6,C
23000119,39,1,B
23000119,27,1,B
23000119,9,1,A
23000119,8,2,F
23000119,45,2,B
23000119,30,2,B
23000119,21,3,D
23000119,48,3,B
23000119,31,3,A
23000119,5,4,A
23000119,36,4,B
23000119,35,4,B
23000120,24,1,B
23000120,11,1,B
23000120,5,1,A
23000120,21,1,A
23000120,47,2,F
23000120,49,2,B
23000120,36,2,A
23000120,14,2,B
23000120,29,3,B
23000120,26,3,C
23000120,28,3,B
23000120,9,3,C
23000120,50,4,F
23000120,31,4,A
23000120,3,4,A
23000120,17,4,D
23000121,38,1,B
23000121,16,1,A
23000121,31,1,A
23000121,20,2,C
23000121,19,2,B
23000121,13,2,C
23000121,33,3,B
23000121,7,3,A
23000121,14,3,C
23000121,30,4,A
23000121,27,4,A
23000121,49,4,B
23000122,4,1,A
23000122,5,1,B
23000122,23,1,B
23000122,30,1,B
23000122,37,1,A
23000122,42,2,C
23000122,17,2,C
23000122,28,2,C
23000122,38,2,B
23000122,40,2,B
23000122,44,3,C
23000122,36,3,B
23000122,49,3,C
23000122,3,3,B
23000122,10,4,D
23000122,25,4,F
23000122,12,4,A
23000122,33,4,A
23000122,6,4,C
22000129,44,1,B
22000129,7,1,C
22000129,47,1,A
22000129,43,1,C
22000129,8,2,A
22000129,39,2,B
22000129,28,2,F
22000129,25,2,A
22000129,45,3,B
22000129,5,3,A
22000129,35,3,C
22000129,50,3,B
22000129,41,4,C
22000129,6,4,B
22000129,21,4,B
22000129,13,4,A
22000129,18,5,B
22000129,9,5,A
22000129,34,5,F
22000129,15,5,C
22000129,3,6,B
22000129,2,6,B
22000129,10,6,B
22000129,19,6,C
23000123,44,1,A
23000123,11,1,B
23000123,33,1,A
23000123,28,1,C
23000123,7,2,C
23000123,39,2,B
23000123,25,2,A
23000123,37,2,B
23000123,35,3,F
23000123,8,3,F
23000123,41,3,C
23000123,24,4,D
22000130,43,1,A
22000130,41,1,B
22000130,45,1,D
22000130,44,1,A
22000130,50,1,B
22000130,8,2,A
22000130,42,2,A
22000130,25,3,F
22000130,12,3,A
22000130,10,4,A
22000130,2,4,C
22000130,1,4,B
22000130,27,5,A
22000130,33,5,A
22000130,40,5,B
22000130,17,5,A
22000130,46,6,B
22000130,47,6,B
22000130,16,6,A
22000131,13,1,C
22000131,50,1,F
22000131,10,1,A
22000131,4,1,D
22000131,38,1,D
22000131,32,2,C
22000131,25,2,B
22000131,26,2,C
22000131,45,2,B
22000131,27,3,A
22000131,37,3,B
22000131,30,3,C
22000131,44,3,A
22000131,46,3,A
22000131,22,4,C
22000131,28,4,A
22000131,7,4,A
22000131,1,4,A
22000131,24,4,C
22000131,48,5,B
22000131,9,5,C
22000131,33,5,A
22000131,39,5,C
22000131,41,6,B
22000131,42,6,A
22000131,29,6,C
23000124,21,1,D
23000124,36,1,C
23000124,44,1,B
23000124,47,1,A
23000124,39,1,C
23000124,19,2,F
23000124,4,2,A
23000124,7,2,C
23000124,37,2,A
23000124,46,2,A
23000124,10,3,D
23000124,1,3,B
23000124,2,3,D
23000124,25,4,A
23000124,15,4,B
23000124,20,4,B
23000124,17,4,C
23000124,34,4,B
23000125,49,1,B
23000125,27,1,A
23000125,50,1,B
23000125,37,1,B
23000125,25,2,B
23000125,42,2,B
23000125,23,2,B
23000125,45,3,B
23000125,12,3,B
23000125,46,3,D
23000125,30,3,D
23000125,44,4,F
23000125,47,4,F
23000125,16,4,C
23000125,33,4,C
24000113,2,1,D
24000113,28,1,B
24000113,32,1,B
24000113,34,1,C
24000113,47,1,C
24000113,26,2,B
24000113,10,2,B
24000113,44,2,B
24000113,41,2,A
24000113,6,2,B
24000114,50,1,B
24000114,11,1,C
24000114,26,1,C
24000114,45,2,A
24000114,18,2,B
23000126,32,1,F
23000126,1,1,F
23000126,50,1,B
23000126,3,1,A
23000126,27,2,C
23000126,25,2,A
23000126,13,2,B
23000126,35,3,B
23000126,7,3,A
23000126,18,3,A
23000126,23,3,A
23000126,38,4,B
23000126,42,4,A
23000126,28,4,F
24000115,6,1,C
24000115,8,1,A
24000115,17,1,A
24000115,14,2,B
24000115,32,2,A
24000115,11,2,C
24000115,43,2,A
22000132,6,1,C
22000132,18,1,F
22000132,41,1,D
22000132,23,2,D
22000132,29,2,F
22000132,39,2,F
22000132,34,3,C
22000132,26,3,B
22000132,8,3,B
22000132,30,4,D
22000132,31,4,C
22000132,42,4,C
22000132,47,5,A
22000132,12,5,A
22000132,17,5,D
22000132,20,6,A
22000132,40,6,C
22000132,24,6,D
22000133,5,1,A
22000133,46,1,B
22000133,37,1,D
22000133,9,2,A
22000133,22,2,C
22000133,34,2,A
22000133,48,3,A
22000133,6,3,B
22000133,2,3,F
22000133,36,4,A
22000133,43,4,B
22000133,26,4,A
22000133,44,5,C
22000133,20,5,C
22000133,18,5,A
22000133,11,6,C
22000133,24,6,D
22000133,15,6,B
23000127,27,1,F
23000127,48,1,B
23000127,13,1,F
23000127,36,1,B
23000127,4,2,D
23000127,18,2,C
23000127,7,2,A
23000127,21,2,D
23000127,38,3,B
23000127,37,3,C
23000127,33,3,A
23000127,9,3,B
23000127,35,4,A
23000127,44,4,A
23000127,42,4,B
23000127,28,4,A
21000125,37,1,C
21000125,33,1,D
21000125,44,1,A
21000125,8,1,A
21000125,43,2,B
21000125,20,2,B
21000125,12,2,B
21000125,17,2,C
21000125,4,3,B
21000125,31,3,B
21000125,49,3,A
21000125,50,3,A
21000125,21,4,C
21000125,36,4,A
21000125,40,4,B
21000125,26,4,F
21000125,16,5,C
21000125,30,5,C
21000125,5,5,A
21000125,1,5,B
21000125,14,6,A
21000125,22,6,C
21000125,2,6,A
21000125,6,6,C
21000125,32,7,B
21000125,39,7,D
21000125,42,7,A
21000125,48,8,C
